#VRML V2.0 utf8
# 3D model generated by easyeda2kicad.py (https://github.com/uPesy/easyeda2kicad.py)

Shape{
    appearance Appearance {
        material  Material 	{
            diffuseColor 0.20784313725490197 0.20784313725490197 0.20784313725490197
            specularColor 0.01568627450980392 0.01568627450980392 0.01568627450980392
            ambientIntensity 0.298
            transparency 0.0
            shininess 0.5
        }
    }
    geometry IndexedFaceSet {
        ccw TRUE
        solid FALSE
        coord DEF co Coordinate {
            point [
                -0.2869 0.1131 0.1969, -0.4717 0.1131 0.1969, -0.4717 0.2432 0.1969, -1.3091 -1.1417 0.1969, -1.4567 -1.1417 0.1969, -1.4567 -0.8848 0.1969, -0.3445 -0.8661 0.1969, -0.3445 -0.8848 0.1969, -0.4717 -0.8848 0.1969, -0.3445 0.8661 0.1969, -0.2869 0.8661 0.1969, -0.2869 0.2432 0.1969, 0.0312 0.2432 0.1969, 0.0312 0.8661 0.1969, 0.187 0.8661 0.1969, 0.3445 1.1417 0.1969, 0.9646 1.1417 0.1969, 0.3445 0.8661 0.1969, 0.9646 0.2432 0.1969, -0.1428 0.8661 0.1969, -0.4717 -0.2297 0.1969, -0.2869 -0.2297 0.1969, -0.2869 -0.8661 0.1969, -0.187 -0.8661 0.1969, -0.1428 -0.2297 0.1969, -0.1428 -0.8661 0.1969, 0.0312 -0.8661 0.1969, 0.0312 -0.2297 0.1969, 0.187 -0.8661 0.1969, 0.3445 -0.8848 0.1969, 0.3445 -0.8661 0.1969, 0.9646 -0.2297 0.1969, 0.9646 -0.8848 0.1969, 0.9646 -1.1417 0.1969, 0.3445 -1.1417 0.1969, -0.1428 0.1131 0.1969, -0.1236 -0.0531 0.1969, -0.1428 -0.0861 0.1969, -0.1236 -0.0747 0.1969, -0.1026 -0.0833 0.1969, -0.1009 0.1127 0.1969, -0.1236 0.1065 0.1969, -0.1236 0.0801 0.1969, -0.1015 0.0896 0.1969, -0.1201 -0.055 0.1969, -0.0775 0.0927 0.1969, -0.0581 0.0906 0.1969, -0.0434 0.0852 0.1969, -0.0298 0.0761 0.1969, -0.0179 0.063 0.1969, -0.0036 0.0114 0.1969, -0.0056 -0.0099 0.1969, -0.0109 -0.0268 0.1969, -0.0547 -0.0636 0.1969, -0.0731 -0.0657 0.1969, -0.0404 -0.0584 0.1969, -0.0283 -0.0502 0.1969, -0.0191 -0.0405 0.1969, -0.0992 -0.0628 0.1969, -0.0098 0.0478 0.1969, -0.0045 0.0267 0.1969, -0.0626 0.1131 0.1969, -0.0773 0.1143 0.1969, -0.1428 0.2432 0.1969, -0.0947 0.1131 0.1969, -0.0261 -0.0782 0.1969, -0.0103 -0.0681 0.1969, 0.0312 -0.0861 0.1969, 0.0009 0.0785 0.1969, -0.0169 0.0956 0.1969, 0.0312 0.1131 0.1969, -0.0356 0.1064 0.1969, 0.0228 0.0098 0.1969, 0.02 0.0378 0.1969, 0.0124 0.0601 0.1969, -0.187 0.8661 0.1969, -0.0575 0.1127 0.1969, 0.0045 -0.0525 0.1969, 0.015 -0.0338 0.1969, 0.0209 -0.013 0.1969, -0.0828 -0.0861 0.1969, -0.0749 -0.0872 0.1969, -0.0695 -0.0873 0.1969, -0.0579 -0.0861 0.1969, -0.0452 -0.0848 0.1969, -1.3091 -0.8848 0.1969, -0.8303 -1.1417 0.1969, -0.8303 -0.8848 0.1969, -0.4717 -1.1417 0.1969, -0.3445 -1.1417 0.1969, -0.8303 -0.2297 0.1969, -1.0039 -0.372 0.1969, -1.0039 -0.628 0.1969, -1.1614 -0.628 0.1969, -1.1614 -0.372 0.1969, -1.3091 -0.2297 0.1969, -0.8303 -0.0861 0.1969, -0.4717 -0.0861 0.1969, -0.2869 -0.0861 0.1969, 0.0396 -0.0633 0.1969, 0.0396 -0.0849 0.1969, 0.1404 -0.0849 0.1969, 0.1404 0.1119 0.1969, 0.9646 0.1131 0.1969, 0.9646 -0.0861 0.1969, 0.114 0.1119 0.1969, 0.114 -0.0633 0.1969, -0.162 0.1119 0.1969, -0.162 -0.0849 0.1969, -0.2677 -0.0849 0.1969, -0.2677 -0.0633 0.1969, -0.2629 0.0903 0.1969, -0.2629 0.1119 0.1969, -0.1884 0.0039 0.1969, -0.1884 -0.0633 0.1969, -0.2581 0.0039 0.1969, -0.2581 0.0255 0.1969, -0.1884 0.0255 0.1969, -0.1884 0.0903 0.1969, -0.4547 -0.031 0.1969, -0.4434 -0.0486 0.1969, -0.4272 -0.0641 0.1969, -0.4066 -0.076 0.1969, -0.3616 0.1119 0.1969, -0.3901 0.1089 0.1969, -0.4131 0.1008 0.1969, -0.4345 0.0865 0.1969, -0.4347 0.0863 0.1969, -0.4487 0.0708 0.1969, -0.4578 0.0539 0.1969, -0.384 -0.0828 0.1969, -0.3596 -0.0849 0.1969, -0.3061 -0.0849 0.1969, -0.3061 0.1119 0.1969, -0.4631 0.0345 0.1969, -0.4645 0.016 0.1969, -0.4618 -0.0103 0.1969, -0.5077 -0.0849 0.1969, -0.4789 -0.0849 0.1969, -0.6278 -0.0849 0.1969, -0.6078 -0.0297 0.1969, -0.5265 -0.0297 0.1969, -0.5533 0.1119 0.1969, -0.5797 0.1119 0.1969, -0.4717 1.1417 0.1969, -0.3445 1.1417 0.1969, -1.3091 -0.0861 0.1969, -1.3091 0.1131 0.1969, -0.8303 0.1131 0.1969, -1.3091 0.2432 0.1969, -0.8303 0.2432 0.1969, -0.6566 -0.0849 0.1969, -0.8303 1.1417 0.1969, -1.0039 0.628 0.1969, -1.0039 0.372 0.1969, -1.1614 0.372 0.1969, -1.1614 0.628 0.1969, -1.3091 1.1417 0.1969, -1.4567 -0.2297 0.1969, -1.4567 -0.0861 0.1969, -1.4567 0.1131 0.1969, -1.4567 0.2432 0.1969, -1.4567 1.1417 0.1969, 1.0039 0.372 0.0, 0.9646 -1.1417 0.0, 0.9646 1.1417 0.0, 1.1614 0.372 0.0, 1.1614 0.628 0.0, 1.3583 1.1417 0.0, 1.0039 0.628 0.0, 1.3583 -1.1417 0.0, 1.1614 -0.372 0.0, 1.0039 -0.372 0.0, 1.0039 -0.628 0.0, 1.1614 -0.628 0.0, 0.3445 -1.1417 0.5906, -1.4567 -1.1417 0.0, -1.8307 -1.1417 0.0, -2.0079 -1.1417 1.1811, -2.0079 -1.1417 0.0, 0.187 -1.1417 0.5906, 1.3583 -1.1417 1.1811, 1.3583 -1.1417 0.1969, -0.3445 -1.1417 0.5906, -0.187 -1.1417 0.5906, -0.187 -1.1417 -0.6299, 0.187 -1.1417 -0.6299, 0.187 1.1417 -0.6299, -0.187 1.1417 -0.6299, 0.187 1.1417 0.5906, -0.187 1.1417 0.5906, 1.3583 1.1417 0.1969, 1.3583 1.1417 1.1811, 0.3445 1.1417 0.5906, -2.0079 1.1417 1.1811, -0.3445 1.1417 0.5906, -1.4567 1.1417 0.0, -2.0079 1.1417 0.0, -1.9193 -0.8111 0.0, -1.956 -0.8393 0.0, -1.7849 -1.1357 0.0, -1.7421 -1.118 0.0, -1.7054 -1.0898 0.0, -1.6773 -1.0531 0.0, -1.6596 -1.0104 0.0, -1.8766 -0.7934 0.0, -1.9841 -0.876 0.0, -2.0018 -0.9187 0.0, -2.0079 -0.9646 0.0, -1.6535 -0.9646 0.0, -1.6596 -0.9187 0.0, -1.6773 -0.876 0.0, -1.7054 -0.8393 0.0, -1.7421 -0.8111 0.0, -1.7849 -0.7934 0.0, -1.8307 -0.7874 0.0, -1.8766 -1.1357 0.0, -1.9841 -1.0531 0.0, -2.0018 -1.0104 0.0, -1.956 -1.0898 0.0, -1.9193 -1.118 0.0, -1.2026 -0.2372 1.8307, -1.2171 -0.2077 1.8307, -1.553 -0.6869 1.8307, -1.2225 -0.1928 1.8307, -1.2373 -0.1519 1.8307, -1.2384 -0.1472 1.8307, -1.2494 -0.1007 1.8307, -1.2521 -0.0892 1.8307, -1.2592 0.0261 1.8307, -1.2573 0.0511 1.8307, -1.553 0.6869 1.8307, -1.2485 0.108 1.8307, -1.2472 0.1128 1.8307, -1.2563 -0.0537 1.8307, -1.2589 -0.0319 1.8307, -1.2591 0.018 1.8307, -1.16 -0.3102 1.8307, -1.1515 -0.3211 1.8307, -1.1216 -0.3594 1.8307, -1.179 -0.28 1.8307, -1.1909 -0.261 1.8307, -1.2336 0.1638 1.8307, -1.2176 0.2049 1.8307, -1.2124 0.2183 1.8307, -0.1755 0.4632 1.8307, -0.1247 0.4241 1.8307, -0.0787 0.6869 1.8307, -0.1176 0.4173 1.8307, -0.0787 0.3805 1.8307, -1.0043 -0.4631 1.8307, -1.0311 -0.4445 1.8307, -1.0462 -0.4317 1.8307, -1.0782 -0.4045 1.8307, -1.085 -0.3974 1.8307, -1.1203 -0.3607 1.8307, -1.1909 0.261 1.8307, -1.1711 0.2925 1.8307, -1.1593 0.3113 1.8307, -0.2966 0.5298 1.8307, -0.252 0.5094 1.8307, -0.919 -0.5145 1.8307, -0.9597 -0.4918 1.8307, -0.9769 -0.4822 1.8307, -1.1224 0.3585 1.8307, -1.109 0.3725 1.8307, -1.0802 0.4026 1.8307, -0.7567 -0.5712 1.8307, -0.785 -0.5651 1.8307, -0.2013 0.4799 1.8307, -0.1942 0.4758 1.8307, -0.0787 -0.3805 1.8307, -0.0925 -0.3942 1.8307, -0.0787 -0.6869 1.8307, -0.1028 -0.4044 1.8307, -0.1314 -0.4287 1.8307, -0.151 -0.4453 1.8307, -0.173 -0.4608 1.8307, -0.1976 -0.478 1.8307, -0.2182 -0.4899 1.8307, -0.2539 -0.5104 1.8307, -0.2658 -0.5158 1.8307, -0.8102 -0.557 1.8307, -0.8506 -0.5442 1.8307, -0.8577 -0.5415 1.8307, -1.0362 0.4406 1.8307, -1.033 0.4429 1.8307, -0.9844 0.4774 1.8307, -0.5342 -0.5878 1.8307, -0.5549 -0.5897 1.8307, -0.8624 -0.5394 1.8307, -0.9125 -0.5174 1.8307, -0.5242 0.5876 1.8307, -0.5105 0.5858 1.8307, -0.4557 0.5784 1.8307, -0.4007 0.5658 1.8307, -0.3879 0.5628 1.8307, -0.3766 0.5596 1.8307, -0.3129 0.5373 1.8307, -0.9431 0.5013 1.8307, -0.9288 0.5095 1.8307, -0.8696 0.5368 1.8307, -0.6489 -0.5883 1.8307, -0.702 -0.5817 1.8307, -0.7176 -0.5798 1.8307, -0.6913 0.5838 1.8307, -0.7348 0.5759 1.8307, -0.7581 0.5717 1.8307, -0.3136 -0.5376 1.8307, -0.3162 -0.5385 1.8307, -0.3688 -0.5569 1.8307, -0.3764 -0.5595 1.8307, -0.4189 -0.5708 1.8307, -0.4228 -0.5715 1.8307, -0.5906 -0.5897 1.8307, -0.6243 -0.5898 1.8307, -0.6465 -0.5884 1.8307, -0.8429 0.5465 1.8307, -0.8232 0.5537 1.8307, -0.4781 -0.5818 1.8307, -0.4863 -0.5833 1.8307, -0.6232 0.5898 1.8307, -0.6228 0.5899 1.8307, -0.5932 0.5905 1.8307, -0.0787 0.5906 1.9683, -0.0787 -0.1675 2.2443, -0.0787 -0.1812 2.2336, -0.0787 -0.5906 1.9683, -0.0787 -0.1641 2.2469, -0.0787 -0.209 2.204, -0.0787 -0.2149 2.1963, -0.0787 -0.2203 2.1876, -0.0787 -0.2378 2.1593, -0.0787 -0.277 2.0779, -0.0787 -0.2785 2.0745, -0.0787 -0.3386 1.9349, -0.0787 -0.3288 1.9595, -0.0787 0.2846 2.0613, -0.0787 0.5906 2.3622, -0.0787 0.3283 1.959, -0.0787 0.3476 1.9136, -0.0787 -0.0422 2.2997, -0.0787 -0.0586 2.2973, -0.0787 -0.1969 2.7559, -0.0787 0.1845 2.2306, -0.0787 0.5047 2.6077, -0.0787 0.1903 2.2249, -0.0787 0.5516 2.533, -0.0787 0.2167 2.194, -0.0787 0.5807 2.4498, -0.0787 0.2277 2.1759, -0.0787 0.2378 2.1593, -0.0787 -0.0669 2.2953, -0.0787 -0.0813 2.2904, -0.0787 -0.2845 2.746, -0.0787 0.1707 2.2416, -0.0787 0.1641 2.247, -0.0787 0.4423 2.67, -0.0787 0.1523 2.2565, -0.0787 0.119 2.2758, -0.0787 0.3677 2.7169, -0.0787 0.1165 2.2772, -0.0787 0.2845 2.746, -0.0787 0.1106 2.2799, -0.0787 0.0756 2.2926, -0.0787 0.1969 2.7559, -0.0787 0.0715 2.2941, -0.0787 0.031 2.302, -0.0787 0.0235 2.3028, -0.0787 -0.0036 2.3031, -0.0787 -0.0178 2.3032, -0.0787 -0.5807 2.4498, -0.0787 -0.5516 2.533, -0.0787 -0.1489 2.2588, -0.0787 -0.5906 2.3622, -0.0787 -0.1063 2.2819, -0.0787 -0.1225 2.2733, -0.0787 -0.3677 2.7169, -0.0787 -0.1429 2.2627, -0.0787 -0.4423 2.67, -0.0787 -0.5047 2.6077, 1.2472 0.1128 1.8307, 1.2485 0.108 1.8307, 1.553 0.6869 1.8307, 1.553 -0.6869 1.8307, 1.2589 -0.0319 1.8307, 1.2563 -0.0537 1.8307, 1.2521 -0.0892 1.8307, 1.2494 -0.1007 1.8307, 1.2384 -0.1472 1.8307, 1.2373 -0.1519 1.8307, 1.2225 -0.1928 1.8307, 1.2171 -0.2077 1.8307, 1.2573 0.0511 1.8307, 1.2592 0.0261 1.8307, 1.2591 0.018 1.8307, 0.1247 0.4241 1.8307, 0.0787 0.6869 1.8307, 0.1176 0.4173 1.8307, 0.0787 0.3805 1.8307, 1.2124 0.2183 1.8307, 1.2176 0.2049 1.8307, 1.2336 0.1638 1.8307, 1.2026 -0.2372 1.8307, 1.1909 -0.261 1.8307, 1.179 -0.28 1.8307, 1.16 -0.3102 1.8307, 1.1515 -0.3211 1.8307, 1.1216 -0.3594 1.8307, 1.1593 0.3113 1.8307, 1.1711 0.2925 1.8307, 1.1909 0.261 1.8307, 1.1203 -0.3607 1.8307, 1.085 -0.3974 1.8307, 1.0782 -0.4045 1.8307, 1.0462 -0.4317 1.8307, 1.0311 -0.4445 1.8307, 1.0043 -0.4631 1.8307, 1.0802 0.4026 1.8307, 1.109 0.3725 1.8307, 1.1224 0.3585 1.8307, 0.9769 -0.4822 1.8307, 0.9597 -0.4918 1.8307, 0.919 -0.5145 1.8307, 0.1755 0.4632 1.8307, 0.1942 0.4758 1.8307, 0.2013 0.4799 1.8307, 0.252 0.5094 1.8307, 0.2966 0.5298 1.8307, 0.3129 0.5373 1.8307, 0.9844 0.4774 1.8307, 0.9431 0.5013 1.8307, 0.9288 0.5095 1.8307, 1.033 0.4429 1.8307, 1.0362 0.4406 1.8307, 0.8577 -0.5415 1.8307, 0.8506 -0.5442 1.8307, 0.8102 -0.557 1.8307, 0.785 -0.5651 1.8307, 0.2658 -0.5158 1.8307, 0.2539 -0.5104 1.8307, 0.0787 -0.6869 1.8307, 0.2182 -0.4899 1.8307, 0.1976 -0.478 1.8307, 0.173 -0.4608 1.8307, 0.151 -0.4453 1.8307, 0.1314 -0.4287 1.8307, 0.1028 -0.4044 1.8307, 0.0925 -0.3942 1.8307, 0.0787 -0.3805 1.8307, 0.3766 0.5596 1.8307, 0.3879 0.5628 1.8307, 0.4007 0.5658 1.8307, 0.4557 0.5784 1.8307, 0.5105 0.5858 1.8307, 0.5242 0.5876 1.8307, 0.9125 -0.5174 1.8307, 0.8624 -0.5394 1.8307, 0.5906 -0.5897 1.8307, 0.5549 -0.5897 1.8307, 0.5342 -0.5878 1.8307, 0.4863 -0.5833 1.8307, 0.6913 0.5838 1.8307, 0.7348 0.5759 1.8307, 0.7581 0.5717 1.8307, 0.8232 0.5537 1.8307, 0.7567 -0.5712 1.8307, 0.7176 -0.5798 1.8307, 0.702 -0.5817 1.8307, 0.4189 -0.5708 1.8307, 0.3764 -0.5595 1.8307, 0.3688 -0.5569 1.8307, 0.8429 0.5465 1.8307, 0.8696 0.5368 1.8307, 0.6489 -0.5883 1.8307, 0.6465 -0.5884 1.8307, 0.6243 -0.5898 1.8307, 0.3162 -0.5385 1.8307, 0.3136 -0.5376 1.8307, 0.5932 0.5905 1.8307, 0.6228 0.5899 1.8307, 0.6232 0.5898 1.8307, 0.4781 -0.5818 1.8307, 0.4228 -0.5715 1.8307, 2.0079 0.4921 0.1969, 2.0079 0.4921 1.1811, 2.0079 -0.4921 0.1969, 2.0079 -0.4921 1.1811, 0.0787 0.5906 1.9683, 1.6831 0.8169 1.645, 1.6831 -0.8169 1.645, 0.0787 -0.5906 1.9683, 0.0787 0.5906 2.3622, 0.0787 0.5807 2.4498, 0.0787 0.5516 2.533, 0.0787 0.5047 2.6077, 0.0787 0.4423 2.67, 0.0787 0.3677 2.7169, 0.0787 0.2845 2.746, 0.0787 0.1969 2.7559, 0.0787 -0.1969 2.7559, 0.0787 -0.2845 2.746, 0.0787 -0.3677 2.7169, 0.0787 -0.4423 2.67, 0.0787 -0.5047 2.6077, 0.0787 -0.5516 2.533, 0.0787 -0.5807 2.4498, 0.0787 -0.5906 2.3622, 0.0787 0.1641 2.2469, 0.0787 0.1812 2.2336, 0.0787 0.2149 2.1963, 0.0787 0.2345 2.1647, 0.0787 0.2378 2.1593, 0.0787 0.277 2.0779, 0.0787 0.182 2.2328, 0.0787 0.209 2.204, 0.0787 0.3288 1.9595, 0.0787 0.3274 1.9627, 0.0787 -0.2846 2.0613, 0.0787 -0.3388 1.9344, 0.0787 -0.3476 1.9136, 0.0787 -0.1845 2.2306, 0.0787 -0.1641 2.247, 0.0787 0.0203 2.3029, 0.0787 0.0586 2.2973, 0.0787 0.0669 2.2953, 0.0787 0.0985 2.2845, 0.0787 -0.0331 2.3016, 0.0787 -0.031 2.302, 0.0787 -0.0235 2.3028, 0.0787 0.0178 2.3032, 0.0787 0.1063 2.2819, 0.0787 0.135 2.2668, 0.0787 0.1429 2.2627, 0.0787 0.1489 2.2588, 0.0787 -0.2787 2.0737, 0.0787 -0.2378 2.1593, 0.0787 -0.2167 2.194, 0.0787 -0.1903 2.2249, 0.0787 -0.1859 2.2291, 0.0787 -0.1523 2.2565, 0.0787 -0.1253 2.2721, 0.0787 -0.1165 2.2772, 0.0787 -0.1106 2.2799, 0.0787 -0.0778 2.2918, 0.0787 -0.0715 2.2941, -0.1885 0.3627 2.1593, -0.1759 0.3511 2.1593, -0.1486 0.3261 2.1593, -0.0788 0.2379 2.1593, -0.1194 0.2933 2.1593, -0.1128 0.2858 2.1593, -0.2362 0.398 2.1593, -0.2484 0.4053 2.1593, -0.2866 0.4281 2.1593, -0.3314 0.4492 2.1593, -0.3398 0.4532 2.1593, -0.399 0.4743 2.1593, -0.423 0.4804 2.1593, -0.4578 0.4891 2.1593, -0.517 0.4984 2.1593, -0.5198 0.4986 2.1593, -0.5816 0.5024 2.1593, -0.6194 0.5011 2.1593, -0.6461 0.5002 2.1593, -0.7097 0.4918 2.1593, -0.7181 0.4901 2.1593, -0.8466 0.451 2.1593, -0.901 0.4245 2.1593, -0.9017 0.4242 2.1593, -0.7294 0.4879 2.1593, -0.7885 0.4724 2.1593, -0.813 0.4634 2.1593, -1.0381 0.3204 2.1593, -0.9956 0.3601 2.1593, -0.9514 0.3937 2.1593, -0.9787 0.373 2.1593, -1.1659 0.0714 2.1593, -1.161 0.0938 2.1593, -1.1565 0.1142 2.1593, -1.1417 0.1593 2.1593, -1.1365 0.1709 2.1593, -1.1226 0.2019 2.1593, -1.1191 0.2087 2.1593, -1.0974 0.2448 2.1593, -1.092 0.2538 2.1593, -1.0621 0.2935 2.1593, -1.0446 0.3131 2.1593, -1.171 0.0265 2.1593, -1.1711 0.0149 2.1593, -1.1715 -0.0149 2.1593, -1.1686 -0.0446 2.1593, -1.1659 -0.0711 2.1593, -1.1631 -0.0838 2.1593, -1.1555 -0.1178 2.1593, -1.154 -0.1225 2.1593, -1.1416 -0.1595 2.1593, -1.141 -0.1609 2.1593, -1.1239 -0.198 2.1593, -1.1183 -0.2102 2.1593, -1.1044 -0.2344 2.1593, -1.1029 -0.237 2.1593, -1.0805 -0.2689 2.1593, -1.0708 -0.2828 2.1593, -1.0536 -0.3024 2.1593, -1.037 -0.3214 2.1593, -1.0239 -0.3343 2.1593, -1.017 -0.3411 2.1593, -0.9902 -0.3636 2.1593, -0.9708 -0.3798 2.1593, -0.9542 -0.3911 2.1593, -0.9308 -0.4071 2.1593, -0.9153 -0.4158 2.1593, -0.8787 -0.4362 2.1593, -0.8742 -0.4382 2.1593, -0.8245 -0.4599 2.1593, -0.8302 -0.4574 2.1593, -0.7871 -0.4728 2.1593, -0.7846 -0.4735 2.1593, -0.7373 -0.4857 2.1593, -0.7265 -0.4885 2.1593, -0.689 -0.4945 2.1593, -0.6659 -0.4982 2.1593, -0.6399 -0.5 2.1593, -0.6041 -0.5024 2.1593, -0.5906 -0.5023 2.1593, -0.5717 -0.5022 2.1593, -0.5407 -0.4999 2.1593, -0.5083 -0.4974 2.1593, -0.4913 -0.4945 2.1593, -0.4464 -0.4867 2.1593, -0.4425 -0.4856 2.1593, -0.3949 -0.4727 2.1593, -0.3852 -0.47 2.1593, -0.3697 -0.4647 2.1593, -0.3489 -0.4562 2.1593, -0.3137 -0.4417 2.1593, -0.3046 -0.4368 2.1593, -0.2627 -0.4146 2.1593, -0.2615 -0.414 2.1593, -0.2237 -0.3889 2.1593, -0.2128 -0.3817 2.1593, -0.1876 -0.3612 2.1593, -0.1742 -0.3503 2.1593, -0.1546 -0.3311 2.1593, -0.1356 -0.3124 2.1593, -0.1245 -0.2989 2.1593, -0.1 -0.2691 2.1593, -0.0971 -0.2652 2.1593, -0.0961 -0.2638 2.1593, -0.7527 -0.0052 2.4803, -0.4364 -0.0205 2.4803, -0.4327 -0.0148 2.4803, -0.7516 0.0082 2.4803, -0.7527 0.0049 2.4803, -0.4276 -0.0 2.4803, -0.7532 0.0026 2.4803, -0.7534 0.0008 2.4803, -0.5099 -0.0706 2.4803, -0.4916 -0.0631 2.4803, -0.4303 -0.0101 2.4803, -0.4289 -0.0066 2.4803, -0.4281 -0.0038 2.4803, -0.7499 0.0121 2.4803, -0.4277 0.0011 2.4803, -0.428 0.0034 2.4803, -0.4288 0.0063 2.4803, -0.4304 0.0104 2.4803, -0.4331 0.0155 2.4803, -0.7535 -0.0004 2.4803, -0.7532 -0.0026 2.4803, -0.7494 -0.013 2.4803, -0.7474 -0.0164 2.4803, -0.5955 -0.0841 2.4803, -0.5836 -0.0841 2.4803, -0.5599 -0.0823 2.4803, -0.4753 -0.0544 2.4803, -0.4615 -0.0453 2.4803, -0.452 -0.0376 2.4803, -0.4437 -0.0295 2.4803, -0.437 -0.0214 2.4803, -0.4277 -0.0017 2.4803, -0.4276 -0.0001 2.4803, -0.7407 0.0257 2.4803, -0.7458 0.0189 2.4803, -0.7495 0.0129 2.4803, -0.5369 -0.0783 2.4803, -0.5151 -0.0724 2.4803, -0.4337 0.0166 2.4803, -0.5411 0.0792 2.4803, -0.5631 0.0827 2.4803, -0.635 0.0802 2.4803, -0.6423 0.0787 2.4803, -0.6634 0.0732 2.4803, -0.7516 -0.0082 2.4803, -0.7423 -0.0238 2.4803, -0.7357 -0.0313 2.4803, -0.6186 -0.0826 2.4803, -0.6412 -0.079 2.4803, -0.7314 -0.0355 2.4803, -0.7203 -0.0448 2.4803, -0.6755 -0.069 2.4803, -0.7091 -0.0524 2.4803, -0.6931 -0.0613 2.4803, -0.6629 -0.0733 2.4803, -0.4464 0.0323 2.4803, -0.4553 0.0405 2.4803, -0.4679 0.0498 2.4803, -0.483 0.0588 2.4803, -0.5001 0.0668 2.4803, -0.5199 0.0739 2.4803, -0.5872 0.0842 2.4803, -0.6112 0.0833 2.4803, -0.715 0.0486 2.4803, -0.7265 0.0399 2.4803, -0.7359 0.0311 2.4803, -0.6828 0.0661 2.4803, -0.7003 0.0576 2.4803, -0.4393 0.0243 2.4803, -0.777 -0.4402 2.2472, -0.8124 -0.4279 2.2472, -0.3342 0.0086 2.4701, -0.2452 0.0158 2.4397, -0.2488 0.0405 2.4397, -0.1649 0.0222 2.3908, -0.1698 0.0568 2.3908, -0.097 0.0277 2.3256, -0.1031 0.0706 2.3256, -0.0809 0.1698 2.2472, -0.1036 0.2129 2.2472, -0.1078 0.2198 2.2472, -0.1285 0.148 2.3256, -0.113 0.108 2.3256, -0.0959 -0.0034 2.3256, -0.0982 -0.0399 2.3256, -0.1042 -0.0757 2.3256, -0.114 -0.111 2.3256, -0.1275 -0.1457 2.3256, -0.1239 -0.2439 2.2472, -0.1005 -0.2078 2.2472, -0.0797 -0.1671 2.2472, -0.3339 -0.001 2.4701, -0.1395 0.2645 2.2472, -0.1729 0.3021 2.2472, -0.2103 0.3363 2.2472, -0.2551 0.3696 2.2472, -0.3026 0.3979 2.2472, -0.3529 0.4216 2.2472, -0.4089 0.4416 2.2472, -0.4646 0.4556 2.2472, -0.5207 0.4644 2.2472, -0.582 0.4683 2.2472, -0.6433 0.4661 2.2472, -0.7036 0.4581 2.2472, -0.7222 0.4545 2.2472, -0.7782 0.4398 2.2472, -0.8332 0.4195 2.2472, -0.8853 0.3943 2.2472, -0.9321 0.3655 2.2472, -0.9736 0.334 2.2472, -1.0134 0.2967 2.2472, -1.0358 0.2716 2.2472, -1.0637 0.2346 2.2472, -1.0889 0.1927 2.2472, -1.0922 0.1864 2.2472, -1.1098 0.147 2.2472, -1.1235 0.1052 2.2472, -1.1322 0.0658 2.2472, -1.1369 0.0244 2.2472, -1.1374 -0.0137 2.2472, -1.1322 -0.0655 2.2472, -1.1226 -0.1086 2.2472, -1.1098 -0.1472 2.2472, -1.0882 -0.1941 2.2472, -1.0738 -0.219 2.2472, -1.0439 -0.2616 2.2472, -1.0124 -0.2977 2.2472, -0.9937 -0.3162 2.2472, -0.9504 -0.3524 2.2472, -0.9127 -0.3782 2.2472, -0.8635 -0.4056 2.2472, -0.7195 -0.455 2.2472, -0.6621 -0.4643 2.2472, -0.6034 -0.4682 2.2472, -0.5727 -0.4681 2.2472, -0.5125 -0.4635 2.2472, -0.4538 -0.4534 2.2472, -0.3958 -0.4375 2.2472, -0.3811 -0.4325 2.2472, -0.3283 -0.4107 2.2472, -0.279 -0.3846 2.2472, -0.2331 -0.3542 2.2472, -0.1969 -0.3248 2.2472, -0.1608 -0.2893 2.2472, -0.1275 -0.2489 2.2472, -0.1458 -0.1815 2.3256, -0.1665 -0.2134 2.3256, -0.1697 -0.2179 2.3256, -0.1994 -0.2539 2.3256, -0.2316 -0.2856 2.3256, -0.2643 -0.3121 2.3256, -0.3058 -0.3396 2.3256, -0.3505 -0.3633 2.3256, -0.3987 -0.3831 2.3256, -0.4121 -0.3877 2.3256, -0.4651 -0.4022 2.3256, -0.5189 -0.4115 2.3256, -0.5742 -0.4157 2.3256, -0.6023 -0.4158 2.3256, -0.6561 -0.4122 2.3256, -0.7088 -0.4037 2.3256, -0.7614 -0.3901 2.3256, -0.7937 -0.379 2.3256, -0.8403 -0.3587 2.3256, -0.885 -0.3337 2.3256, -0.919 -0.3105 2.3256, -0.9579 -0.2779 2.3256, -0.9747 -0.2614 2.3256, -1.0028 -0.2292 2.3256, -1.0293 -0.1913 2.3256, -1.042 -0.1694 2.3256, -1.0609 -0.1282 2.3256, -1.0722 -0.0945 2.3256, -1.0805 -0.0569 2.3256, -1.085 -0.0119 2.3256, -1.0846 0.0212 2.3256, -1.0805 0.0572 2.3256, -1.073 0.0916 2.3256, -1.061 0.128 2.3256, -1.0455 0.1627 2.3256, -1.0426 0.1682 2.3256, -1.0204 0.2052 2.3256, -0.9956 0.2381 2.3256, -0.9755 0.2605 2.3256, -0.9399 0.2938 2.3256, -0.9025 0.3223 2.3256, -0.86 0.3483 2.3256, -0.8127 0.3713 2.3256, -0.7626 0.3898 2.3256, -0.7113 0.4032 2.3256, -0.6942 0.4066 2.3256, -0.6389 0.4139 2.3256, -0.5827 0.4159 2.3256, -0.5265 0.4124 2.3256, -0.475 0.4043 2.3256, -0.424 0.3915 2.3256, -0.373 0.3733 2.3256, -0.3272 0.3517 2.3256, -0.2841 0.326 2.3256, -0.2438 0.296 2.3256, -0.2102 0.2653 2.3256, -0.1803 0.2317 2.3256, -0.1522 0.1921 2.3256, -0.1485 0.186 2.3256, -0.1778 0.0871 2.3908, -0.1905 0.1198 2.3908, -0.2069 0.151 2.3908, -0.21 0.1561 2.3908, -0.2335 0.1891 2.3908, -0.2587 0.2175 2.3908, -0.2872 0.2435 2.3908, -0.3219 0.2693 2.3908, -0.3592 0.2915 2.3908, -0.3991 0.3103 2.3908, -0.4437 0.3263 2.3908, -0.4886 0.3376 2.3908, -0.534 0.3447 2.3908, -0.5837 0.3478 2.3908, -0.6332 0.346 2.3908, -0.6821 0.3396 2.3908, -0.6972 0.3366 2.3908, -0.7422 0.3248 2.3908, -0.786 0.3087 2.3908, -0.8273 0.2886 2.3908, -0.864 0.2661 2.3908, -0.8961 0.2417 2.3908, -0.9263 0.2134 2.3908, -0.9432 0.1945 2.3908, -0.964 0.1669 2.3908, -0.9824 0.1363 2.3908, -0.9848 0.1318 2.3908, -0.9975 0.1034 2.3908, -1.0072 0.0738 2.3908, -1.0133 0.046 2.3908, -1.0166 0.017 2.3908, -1.0169 -0.0096 2.3908, -1.0133 -0.0457 2.3908, -1.0066 -0.0762 2.3908, -0.9974 -0.1036 2.3908, -0.9819 -0.1373 2.3908, -0.9715 -0.1554 2.3908, -0.9493 -0.187 2.3908, -0.9256 -0.2141 2.3908, -0.9114 -0.2281 2.3908, -0.8782 -0.2559 2.3908, -0.8488 -0.276 2.3908, -0.81 -0.2976 2.3908, -0.7694 -0.3153 2.3908, -0.7412 -0.3251 2.3908, -0.6949 -0.3371 2.3908, -0.6484 -0.3445 2.3908, -0.6009 -0.3477 2.3908, -0.5761 -0.3476 2.3908, -0.5274 -0.3439 2.3908, -0.4799 -0.3357 2.3908, -0.4332 -0.323 2.3908, -0.4215 -0.319 2.3908, -0.3795 -0.3017 2.3908, -0.3406 -0.281 2.3908, -0.3048 -0.2573 2.3908, -0.2769 -0.2347 2.3908, -0.2495 -0.2078 2.3908, -0.2246 -0.1775 2.3908, -0.2219 -0.1738 2.3908, -0.2047 -0.1472 2.3908, -0.1896 -0.1179 2.3908, -0.1786 -0.0895 2.3908, -0.1707 -0.0609 2.3908, -0.1658 -0.0321 2.3908, -0.164 -0.0027 2.3908, -0.2546 0.0624 2.4397, -0.2639 0.0863 2.4397, -0.2761 0.1096 2.4397, -0.2784 0.1134 2.4397, -0.2964 0.1387 2.4397, -0.3161 0.1608 2.4397, -0.3386 0.1814 2.4397, -0.3665 0.2022 2.4397, -0.3971 0.2204 2.4397, -0.43 0.2359 2.4397, -0.467 0.2491 2.4397, -0.5046 0.2586 2.4397, -0.5429 0.2646 2.4397, -0.5848 0.2672 2.4397, -0.6265 0.2657 2.4397, -0.6677 0.2602 2.4397, -0.6804 0.2577 2.4397, -0.7181 0.2479 2.4397, -0.7544 0.2345 2.4397, -0.7884 0.218 2.4397, -0.8184 0.1996 2.4397, -0.8442 0.18 2.4397, -0.8681 0.1576 2.4397, -0.8813 0.1429 2.4397, -0.8973 0.1217 2.4397, -0.9112 0.0986 2.4397, -0.913 0.0952 2.4397, -0.9223 0.0743 2.4397, -0.9294 0.0527 2.4397, -0.9338 0.0327 2.4397, -0.9361 0.012 2.4397, -0.9364 -0.0068 2.4397, -0.9338 -0.0325 2.4397, -0.9289 -0.0545 2.4397, -0.9223 -0.0744 2.4397, -0.9108 -0.0993 2.4397, -0.903 -0.1129 2.4397, -0.886 -0.1371 2.4397, -0.8675 -0.1582 2.4397, -0.8563 -0.1693 2.4397, -0.8299 -0.1913 2.4397, -0.8061 -0.2076 2.4397, -0.7743 -0.2254 2.4397, -0.7407 -0.24 2.4397, -0.7173 -0.2481 2.4397, -0.6785 -0.2581 2.4397, -0.6393 -0.2644 2.4397, -0.5993 -0.2671 2.4397, -0.5784 -0.267 2.4397, -0.5373 -0.2639 2.4397, -0.4973 -0.257 2.4397, -0.4583 -0.2463 2.4397, -0.4485 -0.243 2.4397, -0.4138 -0.2287 2.4397, -0.3818 -0.2118 2.4397, -0.3527 -0.1925 2.4397, -0.3304 -0.1744 2.4397, -0.3089 -0.1533 2.4397, -0.2896 -0.1298 2.4397, -0.2875 -0.1269 2.4397, -0.2744 -0.1068 2.4397, -0.2632 -0.0849 2.4397, -0.2551 -0.0642 2.4397, -0.2494 -0.0435 2.4397, -0.2459 -0.0228 2.4397, -0.2446 -0.0019 2.4397, -0.3362 0.0224 2.4701, -0.3396 0.035 2.4701, -0.3451 0.0493 2.4701, -0.3527 0.0637 2.4701, -0.3542 0.0662 2.4701, -0.3661 0.0829 2.4701, -0.3797 0.0981 2.4701, -0.3956 0.1127 2.4701, -0.416 0.1278 2.4701, -0.439 0.1415 2.4701, -0.4642 0.1534 2.4701, -0.4928 0.1636 2.4701, -0.5224 0.1711 2.4701, -0.5528 0.1758 2.4701, -0.586 0.1779 2.4701, -0.619 0.1767 2.4701, -0.6517 0.1724 2.4701, -0.6618 0.1704 2.4701, -0.6914 0.1627 2.4701, -0.7195 0.1523 2.4701, -0.7455 0.1397 2.4701, -0.768 0.1259 2.4701, -0.7868 0.1116 2.4701, -0.8036 0.0959 2.4701, -0.8127 0.0857 2.4701, -0.8234 0.0715 2.4701, -0.8323 0.0568 2.4701, -0.8334 0.0547 2.4701, -0.839 0.0421 2.4701, -0.8432 0.0294 2.4701, -0.8457 0.018 2.4701, -0.847 0.0065 2.4701, -0.8471 -0.0037 2.4701, -0.8457 -0.0179 2.4701, -0.8429 -0.0304 2.4701, -0.839 -0.0421 2.4701, -0.8321 -0.0572 2.4701, -0.8271 -0.0658 2.4701, -0.8159 -0.0818 2.4701, -0.8032 -0.0963 2.4701, -0.7954 -0.104 2.4701, -0.7764 -0.1198 2.4701, -0.7588 -0.1319 2.4701, -0.7347 -0.1453 2.4701, -0.7089 -0.1566 2.4701, -0.6908 -0.1629 2.4701, -0.6603 -0.1707 2.4701, -0.6292 -0.1757 2.4701, -0.5974 -0.1778 2.4701, -0.581 -0.1778 2.4701, -0.5483 -0.1753 2.4701, -0.5166 -0.1698 2.4701, -0.486 -0.1615 2.4701, -0.4785 -0.1589 2.4701, -0.4518 -0.1479 2.4701, -0.4274 -0.135 2.4701, -0.4058 -0.1207 2.4701, -0.3897 -0.1077 2.4701, -0.3747 -0.0929 2.4701, -0.3615 -0.0769 2.4701, -0.3601 -0.075 2.4701, -0.3516 -0.0619 2.4701, -0.3447 -0.0484 2.4701, -0.3399 -0.0361 2.4701, -0.3366 -0.0241 2.4701, -0.3346 -0.0125 2.4701, 0.4535 -0.4883 2.1593, 0.4425 -0.4854 2.1593, 0.082 -0.243 2.1593, 0.1483 -0.3258 2.1593, 0.1245 -0.2989 2.1593, 0.1116 -0.2844 2.1593, 0.0976 -0.2648 2.1593, 0.1543 -0.3313 2.1593, 0.1874 -0.3616 2.1593, 0.189 -0.363 2.1593, 0.2237 -0.389 2.1593, 0.2314 -0.3948 2.1593, 0.2631 -0.4141 2.1593, 0.2817 -0.4255 2.1593, 0.3047 -0.4365 2.1593, 0.3358 -0.4516 2.1593, 0.3488 -0.4563 2.1593, 0.3948 -0.4731 2.1593, 0.3948 -0.4731 2.1593, 0.4913 -0.4944 2.1593, 0.5125 -0.4979 2.1593, 0.5407 -0.4998 2.1593, 0.5779 -0.5024 2.1593, 0.5905 -0.502 2.1593, 0.64 -0.5005 2.1593, 0.6425 -0.5005 2.1593, 0.689 -0.4946 2.1593, 0.7062 -0.4924 2.1593, 0.7261 -0.4886 2.1593, 0.7373 -0.4857 2.1593, 0.7846 -0.4735 2.1593, 0.7853 -0.4734 2.1593, 0.8302 -0.4571 2.1593, 0.8436 -0.4522 2.1593, 0.8739 -0.4377 2.1593, 0.899 -0.4257 2.1593, 0.9152 -0.4158 2.1593, 0.9493 -0.3951 2.1593, 0.9544 -0.3913 2.1593, 0.9906 -0.364 2.1593, 0.9937 -0.3617 2.1593, 1.0236 -0.334 2.1593, 1.0361 -0.3224 2.1593, 1.0537 -0.3025 2.1593, 1.0669 -0.2876 2.1593, 1.0805 -0.2689 2.1593, 1.0964 -0.2472 2.1593, 1.104 -0.2342 2.1593, 1.1197 -0.2075 2.1593, 1.1242 -0.1981 2.1593, 1.1353 -0.1749 2.1593, 1.1406 -0.1607 2.1593, 1.1516 -0.131 2.1593, 1.1538 -0.1225 2.1593, 1.1636 -0.0839 2.1593, 1.1694 -0.0447 2.1593, 1.1694 -0.0456 2.1593, 1.1636 -0.0837 2.1593, 1.1716 0.0121 2.1593, 1.1713 0.0149 2.1593, 1.1659 0.0714 2.1593, 1.1614 0.0939 2.1593, 1.1607 0.0975 2.1593, 1.0783 0.273 2.1593, 1.0973 0.2448 2.1593, 1.1055 0.2327 2.1593, 1.1321 0.1822 2.1593, 1.1453 0.1498 2.1593, 1.1367 0.1709 2.1593, 1.013 0.3449 2.1593, 1.0445 0.3131 2.1593, 1.0489 0.3087 2.1593, 0.9787 0.373 2.1593, 0.9674 0.3823 2.1593, 0.7825 0.4742 2.1593, 0.8132 0.4639 2.1593, 0.8181 0.4623 2.1593, 0.8728 0.4391 2.1593, 0.9253 0.4105 2.1593, 0.9007 0.4239 2.1593, 0.7216 0.4895 2.1593, 0.7181 0.49 2.1593, 0.6608 0.4988 2.1593, 0.6193 0.5012 2.1593, 0.5986 0.5024 2.1593, 0.5667 0.5021 2.1593, 0.5198 0.4981 2.1593, 0.5033 0.4968 2.1593, 0.4415 0.4856 2.1593, 0.423 0.4804 2.1593, 0.3805 0.4685 2.1593, 0.3654 0.4632 2.1593, 0.3315 0.4489 2.1593, 0.3097 0.4398 2.1593, 0.2579 0.4118 2.1593, 0.2484 0.4054 2.1593, 0.2096 0.3792 2.1593, 0.1315 0.3079 2.1593, 0.1758 0.3513 2.1593, 0.1694 0.3461 2.1593, 0.1196 0.2932 2.1593, 0.0974 0.2657 2.1593, 0.4276 -0.0 2.4803, 0.4277 -0.0012 2.4803, 0.5085 0.0701 2.4803, 0.428 -0.0036 2.4803, 0.4287 -0.0062 2.4803, 0.6337 -0.0804 2.4803, 0.6411 -0.079 2.4803, 0.6734 0.0698 2.4803, 0.6623 -0.0735 2.4803, 0.7416 -0.0247 2.4803, 0.7465 -0.0179 2.4803, 0.5935 0.0842 2.4803, 0.5817 0.084 2.4803, 0.558 0.082 2.4803, 0.5395 -0.0789 2.4803, 0.5615 -0.0825 2.4803, 0.7496 -0.0127 2.4803, 0.7511 -0.0095 2.4803, 0.6912 0.0622 2.4803, 0.7075 0.0534 2.4803, 0.6613 0.0738 2.4803, 0.6394 0.0793 2.4803, 0.6167 0.0828 2.4803, 0.5351 0.0779 2.4803, 0.5136 0.0719 2.4803, 0.4284 0.0049 2.4803, 0.4278 0.0025 2.4803, 0.4276 0.0007 2.4803, 0.4335 0.0162 2.4803, 0.4308 0.0113 2.4803, 0.4292 0.0075 2.4803, 0.4342 -0.0173 2.4803, 0.4391 -0.0241 2.4803, 0.4666 -0.0489 2.4803, 0.4815 -0.058 2.4803, 0.5859 -0.0841 2.4803, 0.6098 -0.0834 2.4803, 0.6818 -0.0665 2.4803, 0.6995 -0.058 2.4803, 0.7144 -0.049 2.4803, 0.726 -0.0403 2.4803, 0.7355 -0.0315 2.4803, 0.7381 0.0287 2.4803, 0.7305 0.0364 2.4803, 0.7194 0.0455 2.4803, 0.4366 0.0208 2.4803, 0.4903 0.0625 2.4803, 0.4742 0.0538 2.4803, 0.4606 0.0446 2.4803, 0.4509 0.0366 2.4803, 0.4429 0.0285 2.4803, 0.431 -0.0116 2.4803, 0.4463 -0.0322 2.4803, 0.4554 -0.0406 2.4803, 0.4988 -0.0663 2.4803, 0.5185 -0.0734 2.4803, 0.4289 -0.0068 2.4803, 0.7519 0.0075 2.4803, 0.7508 0.0102 2.4803, 0.7524 -0.0061 2.4803, 0.7532 0.0026 2.4803, 0.753 0.0039 2.4803, 0.7531 -0.0032 2.4803, 0.7534 -0.0015 2.4803, 0.7535 0.0003 2.4803, 0.7478 0.0158 2.4803, 0.7436 0.0221 2.4803, 0.7191 -0.4551 2.2472, 0.7002 -0.4587 2.2472, 0.1064 0.2176 2.2472, 0.1251 0.2457 2.2472, 0.0852 0.1789 2.2472, 0.0964 0.0193 2.3256, 0.1003 0.055 2.3256, 0.0867 -0.182 2.2472, 0.1108 -0.2245 2.2472, 0.1336 -0.1588 2.3256, 0.1147 -0.1132 2.3256, 0.1124 -0.1062 2.3256, 0.1035 -0.0725 2.3256, 0.0973 -0.0314 2.3256, 0.1079 0.0908 2.3256, 0.1175 0.121 2.3256, 0.1323 0.156 2.3256, 0.1384 -0.2631 2.2472, 0.1727 -0.3018 2.2472, 0.2107 -0.3367 2.2472, 0.2506 -0.3665 2.2472, 0.298 -0.3955 2.2472, 0.3492 -0.4201 2.2472, 0.4049 -0.4404 2.2472, 0.4605 -0.4548 2.2472, 0.5165 -0.464 2.2472, 0.5785 -0.4682 2.2472, 0.6398 -0.4664 2.2472, 0.7753 -0.4407 2.2472, 0.8304 -0.4207 2.2472, 0.8827 -0.3957 2.2472, 0.9301 -0.3668 2.2472, 0.9718 -0.3355 2.2472, 1.0116 -0.2986 2.2472, 1.0403 -0.2661 2.2472, 1.0678 -0.2285 2.2472, 1.0895 -0.1916 2.2472, 1.1039 -0.1614 2.2472, 1.119 -0.1208 2.2472, 1.1301 -0.0772 2.2472, 1.1354 -0.042 2.2472, 1.1375 0.0112 2.2472, 1.1322 0.0658 2.2472, 1.1274 0.0899 2.2472, 1.1131 0.1382 2.2472, 1.101 0.1681 2.2472, 1.0763 0.215 2.2472, 1.0509 0.2525 2.2472, 1.0235 0.2858 2.2472, 0.9899 0.3197 2.2472, 0.9471 0.3548 2.2472, 0.9075 0.3814 2.2472, 0.858 0.4083 2.2472, 0.8063 0.4302 2.2472, 0.7726 0.4415 2.2472, 0.7149 0.456 2.2472, 0.6572 0.4648 2.2472, 0.5982 0.4683 2.2472, 0.5679 0.4679 2.2472, 0.5078 0.4629 2.2472, 0.4492 0.4523 2.2472, 0.3914 0.4361 2.2472, 0.3771 0.431 2.2472, 0.3245 0.409 2.2472, 0.2755 0.3825 2.2472, 0.2301 0.3519 2.2472, 0.1924 0.3208 2.2472, 0.1569 0.285 2.2472, 0.151 0.1901 2.3256, 0.1676 0.215 2.3256, 0.1959 0.2501 2.3256, 0.2277 0.282 2.3256, 0.2615 0.31 2.3256, 0.3026 0.3377 2.3256, 0.3471 0.3617 2.3256, 0.395 0.3818 2.3256, 0.408 0.3864 2.3256, 0.4609 0.4013 2.3256, 0.5146 0.4109 2.3256, 0.5698 0.4156 2.3256, 0.5975 0.4159 2.3256, 0.6517 0.4127 2.3256, 0.7046 0.4046 2.3256, 0.7574 0.3914 2.3256, 0.7882 0.3811 2.3256, 0.8352 0.3611 2.3256, 0.8802 0.3366 2.3256, 0.9161 0.3126 2.3256, 0.9545 0.2811 2.3256, 0.9846 0.2507 2.3256, 1.009 0.2211 2.3256, 1.0315 0.1878 2.3256, 1.0532 0.1466 2.3256, 1.0639 0.1204 2.3256, 1.0763 0.0782 2.3256, 1.0805 0.0572 2.3256, 1.0851 0.0097 2.3256, 1.0833 -0.0365 2.3256, 1.0787 -0.0671 2.3256, 1.069 -0.1052 2.3256, 1.0558 -0.1407 2.3256, 1.0431 -0.1672 2.3256, 1.024 -0.1998 2.3256, 0.9996 -0.2332 2.3256, 0.9739 -0.2622 2.3256, 0.9383 -0.2952 2.3256, 0.9007 -0.3235 2.3256, 0.8577 -0.3496 2.3256, 0.8101 -0.3724 2.3256, 0.7599 -0.3906 2.3256, 0.7085 -0.4038 2.3256, 0.6912 -0.4071 2.3256, 0.6358 -0.4142 2.3256, 0.5795 -0.4158 2.3256, 0.5227 -0.4119 2.3256, 0.4713 -0.4035 2.3256, 0.4204 -0.3904 2.3256, 0.3696 -0.3718 2.3256, 0.3231 -0.3494 2.3256, 0.28 -0.3232 2.3256, 0.2441 -0.2963 2.3256, 0.21 -0.2651 2.3256, 0.1794 -0.2305 2.3256, 0.1549 -0.1963 2.3256, 0.1644 0.0155 2.3908, 0.1675 0.0443 2.3908, 0.2449 0.011 2.4397, 0.2471 0.0315 2.4397, 0.3341 0.006 2.4701, 0.3353 0.0173 2.4701, 0.1737 0.0731 2.3908, 0.1815 0.0977 2.3908, 0.1936 0.1263 2.3908, 0.209 0.1544 2.3908, 0.2229 0.1751 2.3908, 0.2466 0.2046 2.3908, 0.2735 0.2317 2.3908, 0.3024 0.2555 2.3908, 0.3379 0.2794 2.3908, 0.3765 0.3003 2.3908, 0.4183 0.3178 2.3908, 0.4297 0.3218 2.3908, 0.4761 0.3349 2.3908, 0.5235 0.3434 2.3908, 0.5722 0.3475 2.3908, 0.5967 0.3478 2.3908, 0.6445 0.345 2.3908, 0.6912 0.3378 2.3908, 0.7377 0.3262 2.3908, 0.7646 0.3172 2.3908, 0.8057 0.2998 2.3908, 0.8448 0.2785 2.3908, 0.8757 0.2578 2.3908, 0.9085 0.2308 2.3908, 0.934 0.2051 2.3908, 0.9545 0.1802 2.3908, 0.9733 0.1525 2.3908, 0.9911 0.1186 2.3908, 0.9998 0.0972 2.3908, 1.0099 0.0629 2.3908, 1.0133 0.046 2.3908, 1.017 0.0078 2.3908, 1.0156 -0.0293 2.3908, 1.0118 -0.054 2.3908, 1.004 -0.0848 2.3908, 0.9933 -0.1138 2.3908, 0.9829 -0.1355 2.3908, 0.967 -0.1624 2.3908, 0.9466 -0.1904 2.3908, 0.925 -0.2148 2.3908, 0.8947 -0.2429 2.3908, 0.8624 -0.2671 2.3908, 0.8252 -0.2898 2.3908, 0.7838 -0.3096 2.3908, 0.7398 -0.3255 2.3908, 0.6946 -0.3371 2.3908, 0.6794 -0.3401 2.3908, 0.6304 -0.3463 2.3908, 0.5808 -0.3477 2.3908, 0.5306 -0.3443 2.3908, 0.4853 -0.3369 2.3908, 0.4405 -0.3253 2.3908, 0.3961 -0.3091 2.3908, 0.3556 -0.2896 2.3908, 0.3183 -0.2669 2.3908, 0.2875 -0.2438 2.3908, 0.2585 -0.2173 2.3908, 0.2327 -0.1881 2.3908, 0.2122 -0.1595 2.3908, 0.1947 -0.1286 2.3908, 0.1792 -0.0913 2.3908, 0.1774 -0.0856 2.3908, 0.1702 -0.0584 2.3908, 0.1651 -0.0252 2.3908, 0.2516 0.0523 2.4397, 0.2572 0.0701 2.4397, 0.2661 0.0912 2.4397, 0.2777 0.1121 2.4397, 0.2882 0.1279 2.4397, 0.3066 0.1507 2.4397, 0.3278 0.172 2.4397, 0.3508 0.191 2.4397, 0.3796 0.2104 2.4397, 0.4113 0.2276 2.4397, 0.4459 0.2421 2.4397, 0.4553 0.2454 2.4397, 0.4942 0.2563 2.4397, 0.5341 0.2635 2.4397, 0.5751 0.2669 2.4397, 0.5957 0.2672 2.4397, 0.636 0.2648 2.4397, 0.6754 0.2588 2.4397, 0.7143 0.249 2.4397, 0.7367 0.2415 2.4397, 0.7707 0.2271 2.4397, 0.8028 0.2097 2.4397, 0.8279 0.1928 2.4397, 0.8541 0.1714 2.4397, 0.8741 0.1512 2.4397, 0.89 0.1318 2.4397, 0.9043 0.1107 2.4397, 0.9176 0.0854 2.4397, 0.924 0.0698 2.4397, 0.9314 0.0449 2.4397, 0.9338 0.0327 2.4397, 0.9364 0.0055 2.4397, 0.9354 -0.0208 2.4397, 0.9327 -0.0384 2.4397, 0.9271 -0.0607 2.4397, 0.9192 -0.0819 2.4397, 0.9115 -0.098 2.4397, 0.8996 -0.1182 2.4397, 0.8839 -0.1397 2.4397, 0.867 -0.1588 2.4397, 0.8431 -0.1809 2.4397, 0.8172 -0.2004 2.4397, 0.7868 -0.2189 2.4397, 0.7526 -0.2353 2.4397, 0.7161 -0.2485 2.4397, 0.6783 -0.2582 2.4397, 0.6654 -0.2607 2.4397, 0.6241 -0.2659 2.4397, 0.5824 -0.2671 2.4397, 0.5401 -0.2642 2.4397, 0.5019 -0.258 2.4397, 0.4644 -0.2483 2.4397, 0.4275 -0.2348 2.4397, 0.3941 -0.2188 2.4397, 0.3636 -0.2002 2.4397, 0.3388 -0.1816 2.4397, 0.316 -0.1607 2.4397, 0.2958 -0.138 2.4397, 0.2801 -0.116 2.4397, 0.2669 -0.0928 2.4397, 0.2556 -0.0655 2.4397, 0.2542 -0.0613 2.4397, 0.249 -0.0416 2.4397, 0.2454 -0.0179 2.4397, 0.3378 0.0291 2.4701, 0.3411 0.0396 2.4701, 0.3465 0.0522 2.4701, 0.3537 0.0653 2.4701, 0.3606 0.0757 2.4701, 0.3731 0.0911 2.4701, 0.3879 0.106 2.4701, 0.4044 0.1196 2.4701, 0.4257 0.134 2.4701, 0.4499 0.147 2.4701, 0.4764 0.1582 2.4701, 0.4837 0.1607 2.4701, 0.5141 0.1693 2.4701, 0.5458 0.175 2.4701, 0.5784 0.1777 2.4701, 0.5946 0.1779 2.4701, 0.6266 0.176 2.4701, 0.6578 0.1712 2.4701, 0.6885 0.1636 2.4701, 0.7058 0.1577 2.4701, 0.7319 0.1467 2.4701, 0.7563 0.1334 2.4701, 0.7749 0.1209 2.4701, 0.7938 0.1055 2.4701, 0.8078 0.0914 2.4701, 0.8186 0.0783 2.4701, 0.828 0.0644 2.4701, 0.8362 0.0487 2.4701, 0.8401 0.0394 2.4701, 0.8443 0.0249 2.4701, 0.8457 0.018 2.4701, 0.8472 0.003 2.4701, 0.8466 -0.0114 2.4701, 0.8451 -0.0212 2.4701, 0.8418 -0.0341 2.4701, 0.8372 -0.0466 2.4701, 0.8325 -0.0564 2.4701, 0.8249 -0.0693 2.4701, 0.8145 -0.0836 2.4701, 0.8029 -0.0967 2.4701, 0.786 -0.1123 2.4701, 0.767 -0.1265 2.4701, 0.7442 -0.1404 2.4701, 0.718 -0.1529 2.4701, 0.6899 -0.1631 2.4701, 0.6601 -0.1708 2.4701, 0.6499 -0.1727 2.4701, 0.6172 -0.1769 2.4701, 0.5841 -0.1779 2.4701, 0.5505 -0.1756 2.4701, 0.5202 -0.1706 2.4701, 0.4908 -0.163 2.4701, 0.4623 -0.1526 2.4701, 0.4367 -0.1403 2.4701, 0.4139 -0.1264 2.4701, 0.3957 -0.1128 2.4701, 0.3796 -0.098 2.4701, 0.3657 -0.0824 2.4701, 0.3553 -0.0678 2.4701, 0.347 -0.0532 2.4701, 0.3402 -0.0368 2.4701, 0.3394 -0.0344 2.4701, 0.3364 -0.023 2.4701, 0.3343 -0.0098 2.4701, -1.6596 -0.9187 -0.5118, -1.6773 -0.876 -0.5118, -1.7054 -0.8393 -0.5118, -1.7421 -0.8111 -0.5118, -1.7849 -0.7934 -0.5118, -1.8307 -0.7874 -0.5118, -1.8766 -0.7934 -0.5118, -1.9193 -0.8111 -0.5118, -1.956 -0.8393 -0.5118, -1.9841 -0.876 -0.5118, -2.0018 -0.9187 -0.5118, -2.0079 -0.9646 -0.5118, -2.0018 -1.0104 -0.5118, -1.9841 -1.0531 -0.5118, -1.956 -1.0898 -0.5118, -1.9193 -1.118 -0.5118, -1.8766 -1.1357 -0.5118, -1.8307 -1.1417 -0.5118, -1.7849 -1.1357 -0.5118, -1.7421 -1.118 -0.5118, -1.7054 -1.0898 -0.5118, -1.6773 -1.0531 -0.5118, -1.6596 -1.0104 -0.5118, -1.6535 -0.9646 -0.5118, -1.7455 -0.9154 -0.5905, -1.7356 -0.9391 -0.5905, -1.8307 -0.9646 -0.5905, -1.7323 -0.9646 -0.5905, -1.7356 -0.99 -0.5905, -1.8052 -0.8695 -0.5905, -1.7815 -0.8793 -0.5905, -1.7611 -0.895 -0.5905, -1.8799 -0.8793 -0.5905, -1.8562 -0.8695 -0.5905, -1.8307 -0.8661 -0.5905, -1.9258 -0.9391 -0.5905, -1.9159 -0.9154 -0.5905, -1.9003 -0.895 -0.5905, -1.9159 -1.0138 -0.5905, -1.9258 -0.99 -0.5905, -1.9291 -0.9646 -0.5905, -1.8562 -1.0596 -0.5905, -1.8799 -1.0498 -0.5905, -1.9003 -1.0342 -0.5905, -1.7815 -1.0498 -0.5905, -1.8052 -1.0596 -0.5905, -1.8307 -1.063 -0.5905, -1.7455 -1.0138 -0.5905, -1.7611 -1.0342 -0.5905, 0.187 0.8661 -0.8661, -0.187 0.8661 -0.8661, -0.1026 0.8661 -1.1811, 0.1026 0.8661 -1.1811, -0.1026 1.0433 -1.1811, 0.1026 1.0433 -1.1811, -0.187 1.3386 -0.8661, 0.187 1.3386 -0.8661, 0.187 1.3386 -0.7087, -0.187 1.3386 -0.7087, 0.187 0.8661 0.5906, -0.187 0.8661 0.5906, -0.3445 0.8661 0.5906, 0.3445 0.8661 0.5906, 0.187 -1.3386 -0.7087, -0.187 -1.3386 -0.7087, 0.187 -1.3386 -0.8661, -0.187 -1.3386 -0.8661, -0.1026 -1.0433 -1.1811, 0.1026 -1.0433 -1.1811, -0.1026 -0.8661 -1.1811, 0.1026 -0.8661 -1.1811, -0.187 -0.8661 -0.8661, 0.187 -0.8661 -0.8661, 0.187 -0.8661 0.5906, -0.187 -0.8661 0.5906, -0.3445 -0.8661 0.5906, 0.3445 -0.8661 0.5906
            ]
        }
        coordIndex [
            0,1,2,-1,3,4,5,-1,6,7,8,-1,9,10,11,-1,12,13,14,-1,15,16,17,-1,17,16,18,-1,17,18,14,-1,13,12,19,-1,20,21,22,-1,22,21,23,-1,23,21,24,-1,23,24,25,-1,25,24,26,-1,26,24,27,-1,26,27,28,-1,29,30,31,-1,31,32,29,-1,29,32,33,-1,29,33,34,-1,35,36,37,-1,37,36,38,-1,37,38,39,-1,40,41,35,-1,35,41,42,-1,35,42,36,-1,36,42,43,-1,36,43,44,-1,44,43,45,-1,44,45,46,-1,46,47,44,-1,44,47,48,-1,44,48,49,-1,50,51,44,-1,44,51,52,-1,53,54,55,-1,55,54,56,-1,52,57,44,-1,44,57,56,-1,44,56,58,-1,58,56,54,-1,49,59,44,-1,44,59,60,-1,44,60,50,-1,61,62,63,-1,63,62,64,-1,65,66,67,-1,68,69,70,-1,70,69,71,-1,72,73,70,-1,70,73,74,-1,70,74,68,-1,75,19,63,-1,63,19,12,-1,63,12,61,-1,61,12,70,-1,61,70,76,-1,76,70,71,-1,66,77,67,-1,67,77,78,-1,67,78,79,-1,80,81,24,-1,24,81,82,-1,24,82,27,-1,27,82,83,-1,27,83,67,-1,67,83,84,-1,67,84,65,-1,3,85,86,-1,86,85,87,-1,86,87,88,-1,88,87,8,-1,88,8,89,-1,89,8,7,-1,87,90,8,-1,8,90,20,-1,8,20,6,-1,6,20,22,-1,91,90,92,-1,92,90,87,-1,92,87,93,-1,93,87,85,-1,93,85,94,-1,94,85,95,-1,94,95,91,-1,90,96,20,-1,20,96,97,-1,20,97,21,-1,21,97,98,-1,21,98,24,-1,24,98,37,-1,24,37,80,-1,80,37,39,-1,99,100,67,-1,67,100,101,-1,102,103,101,-1,101,103,104,-1,101,104,67,-1,67,104,31,-1,67,31,27,-1,27,31,30,-1,27,30,28,-1,79,72,67,-1,67,72,70,-1,67,70,99,-1,99,70,105,-1,99,105,106,-1,107,35,108,-1,108,35,37,-1,108,37,109,-1,109,37,98,-1,109,98,110,-1,110,98,0,-1,110,0,111,-1,111,0,112,-1,113,114,115,-1,115,114,110,-1,115,110,116,-1,116,110,111,-1,116,111,117,-1,117,111,118,-1,119,120,97,-1,97,120,121,-1,97,121,122,-1,1,0,123,-1,123,124,1,-1,1,124,125,-1,1,125,126,-1,126,127,1,-1,1,127,128,-1,1,128,129,-1,122,130,97,-1,97,130,131,-1,97,131,98,-1,98,131,132,-1,98,132,0,-1,0,132,133,-1,0,133,123,-1,129,134,1,-1,1,134,135,-1,1,135,97,-1,97,135,136,-1,97,136,119,-1,137,138,97,-1,139,140,141,-1,97,138,1,-1,1,138,142,-1,1,142,143,-1,14,18,12,-1,12,18,103,-1,12,103,70,-1,70,103,102,-1,70,102,105,-1,10,75,11,-1,11,75,63,-1,11,63,35,-1,35,63,64,-1,35,64,40,-1,107,112,35,-1,35,112,0,-1,35,0,11,-1,11,0,2,-1,11,2,9,-1,9,2,144,-1,9,144,145,-1,91,95,90,-1,90,95,146,-1,90,146,96,-1,96,146,147,-1,96,147,148,-1,148,147,149,-1,148,149,150,-1,141,137,139,-1,139,137,97,-1,139,97,151,-1,151,97,96,-1,151,96,143,-1,143,96,148,-1,143,148,1,-1,1,148,150,-1,1,150,2,-1,2,150,152,-1,2,152,144,-1,153,152,154,-1,154,152,150,-1,154,150,155,-1,155,150,149,-1,155,149,156,-1,156,149,157,-1,156,157,153,-1,153,157,152,-1,3,5,85,-1,85,5,158,-1,85,158,95,-1,95,158,159,-1,95,159,146,-1,146,159,160,-1,146,160,147,-1,147,160,161,-1,147,161,149,-1,149,161,162,-1,149,162,157,-1,163,164,165,-1,166,167,168,-1,168,167,165,-1,165,167,169,-1,165,169,163,-1,168,170,166,-1,166,170,171,-1,166,171,163,-1,163,171,172,-1,163,172,164,-1,164,172,173,-1,164,173,170,-1,170,173,174,-1,170,174,171,-1,175,34,33,-1,176,4,177,-1,177,4,178,-1,177,178,179,-1,180,175,181,-1,181,175,33,-1,181,33,182,-1,182,33,164,-1,182,164,170,-1,178,183,184,-1,185,186,184,-1,184,186,180,-1,184,180,178,-1,178,180,181,-1,4,3,178,-1,178,3,86,-1,178,86,183,-1,183,86,88,-1,183,88,89,-1,187,188,189,-1,189,188,190,-1,168,165,191,-1,191,165,16,-1,191,16,192,-1,192,16,15,-1,15,193,192,-1,192,193,189,-1,192,189,194,-1,194,189,190,-1,194,190,195,-1,152,194,144,-1,144,194,195,-1,144,195,145,-1,196,197,162,-1,162,197,194,-1,162,194,157,-1,157,194,152,-1,198,199,197,-1,177,200,176,-1,176,200,201,-1,201,202,176,-1,176,202,203,-1,176,203,204,-1,198,197,205,-1,199,206,197,-1,197,206,207,-1,197,207,208,-1,204,209,176,-1,176,209,210,-1,176,210,196,-1,196,210,211,-1,196,211,212,-1,212,213,196,-1,196,213,214,-1,196,214,197,-1,197,214,215,-1,197,215,205,-1,216,177,179,-1,217,179,218,-1,218,179,208,-1,217,219,179,-1,179,219,220,-1,179,220,216,-1,221,222,223,-1,223,222,224,-1,223,224,225,-1,225,226,223,-1,223,226,227,-1,223,227,228,-1,229,230,231,-1,231,230,232,-1,231,232,233,-1,228,234,223,-1,223,234,235,-1,223,235,231,-1,231,235,236,-1,231,236,229,-1,237,223,238,-1,238,223,239,-1,237,240,223,-1,223,240,241,-1,223,241,221,-1,233,242,231,-1,231,242,243,-1,231,243,244,-1,245,246,247,-1,247,246,248,-1,247,248,249,-1,250,251,223,-1,223,251,252,-1,223,252,253,-1,253,254,223,-1,223,254,255,-1,223,255,239,-1,244,256,231,-1,231,256,257,-1,231,257,258,-1,259,260,247,-1,261,262,223,-1,223,262,263,-1,223,263,250,-1,258,264,231,-1,231,264,265,-1,231,265,266,-1,267,268,223,-1,260,269,247,-1,247,269,270,-1,247,270,245,-1,271,272,273,-1,273,272,274,-1,273,274,275,-1,275,276,273,-1,273,276,277,-1,273,277,278,-1,278,279,273,-1,273,279,280,-1,273,280,281,-1,268,282,223,-1,223,282,283,-1,223,283,284,-1,266,285,231,-1,231,285,286,-1,231,286,287,-1,288,289,273,-1,284,290,223,-1,223,290,291,-1,223,291,261,-1,247,292,293,-1,293,294,247,-1,247,294,295,-1,247,295,296,-1,296,297,247,-1,247,297,298,-1,247,298,259,-1,287,299,231,-1,231,299,300,-1,231,300,301,-1,302,303,223,-1,223,303,304,-1,223,304,267,-1,305,231,306,-1,306,231,307,-1,281,308,273,-1,273,308,309,-1,273,309,310,-1,310,311,273,-1,273,311,312,-1,273,312,313,-1,289,314,273,-1,273,314,315,-1,273,315,223,-1,223,315,316,-1,223,316,302,-1,301,317,231,-1,231,317,318,-1,231,318,307,-1,313,319,273,-1,273,319,320,-1,273,320,288,-1,305,321,231,-1,231,321,322,-1,231,322,247,-1,247,322,323,-1,247,323,292,-1,324,247,249,-1,325,326,327,-1,325,327,328,-1,326,329,327,-1,327,329,330,-1,327,330,331,-1,331,332,327,-1,327,332,333,-1,327,333,334,-1,271,273,335,-1,335,273,327,-1,335,327,336,-1,336,327,334,-1,337,338,339,-1,339,338,324,-1,339,324,340,-1,340,324,249,-1,341,342,343,-1,344,345,346,-1,346,345,347,-1,346,347,348,-1,348,347,349,-1,348,349,350,-1,350,349,338,-1,350,338,351,-1,351,338,337,-1,342,352,343,-1,343,352,353,-1,343,353,354,-1,344,355,345,-1,345,355,356,-1,345,356,357,-1,356,358,357,-1,357,358,359,-1,357,359,360,-1,360,359,361,-1,360,361,362,-1,361,363,362,-1,362,363,364,-1,362,364,365,-1,365,364,366,-1,365,366,367,-1,367,368,365,-1,365,368,369,-1,365,369,343,-1,343,369,370,-1,343,370,341,-1,371,372,373,-1,328,327,373,-1,373,327,374,-1,373,374,371,-1,353,375,354,-1,354,375,376,-1,354,376,377,-1,377,376,378,-1,377,378,379,-1,379,378,373,-1,379,373,380,-1,380,373,372,-1,381,382,383,-1,384,385,386,-1,386,387,384,-1,384,387,388,-1,384,388,389,-1,389,390,384,-1,384,390,391,-1,384,391,392,-1,382,393,383,-1,383,393,394,-1,383,394,384,-1,384,394,395,-1,384,395,385,-1,396,397,398,-1,398,397,399,-1,400,401,383,-1,383,401,402,-1,383,402,381,-1,392,403,384,-1,384,403,404,-1,384,404,405,-1,405,406,384,-1,384,406,407,-1,384,407,408,-1,409,410,383,-1,383,410,411,-1,383,411,400,-1,408,412,384,-1,384,412,413,-1,384,413,414,-1,414,415,384,-1,384,415,416,-1,384,416,417,-1,418,419,383,-1,383,419,420,-1,383,420,409,-1,417,421,384,-1,384,421,422,-1,384,422,423,-1,396,424,397,-1,397,424,425,-1,397,425,426,-1,426,427,397,-1,397,427,428,-1,397,428,429,-1,430,383,431,-1,431,383,432,-1,430,433,383,-1,383,433,434,-1,383,434,418,-1,435,436,384,-1,384,436,437,-1,384,437,438,-1,439,440,441,-1,441,440,442,-1,441,442,443,-1,443,444,441,-1,441,444,445,-1,441,445,446,-1,446,447,441,-1,441,447,448,-1,441,448,449,-1,429,450,397,-1,397,450,451,-1,397,451,452,-1,452,453,397,-1,397,453,454,-1,397,454,455,-1,423,456,384,-1,384,456,457,-1,384,457,435,-1,458,459,441,-1,441,459,460,-1,441,460,461,-1,462,463,383,-1,383,463,464,-1,383,464,465,-1,438,466,384,-1,384,466,467,-1,384,467,468,-1,469,470,441,-1,441,470,471,-1,465,472,383,-1,383,472,473,-1,383,473,432,-1,468,474,384,-1,384,474,475,-1,384,475,441,-1,441,475,476,-1,441,476,458,-1,471,477,441,-1,441,477,478,-1,441,478,439,-1,455,479,397,-1,397,479,480,-1,397,480,383,-1,383,480,481,-1,383,481,462,-1,461,482,441,-1,441,482,483,-1,441,483,469,-1,484,485,486,-1,486,485,487,-1,179,178,208,-1,208,178,194,-1,208,194,197,-1,192,194,231,-1,324,488,247,-1,247,488,397,-1,383,489,397,-1,397,489,192,-1,397,192,247,-1,247,192,231,-1,178,223,194,-1,194,223,231,-1,487,485,490,-1,490,485,489,-1,490,489,384,-1,384,489,383,-1,491,327,441,-1,441,327,273,-1,490,384,181,-1,181,384,441,-1,181,441,178,-1,178,441,273,-1,178,273,223,-1,490,181,487,-1,487,181,182,-1,487,182,486,-1,489,485,192,-1,192,485,484,-1,192,484,191,-1,492,488,338,-1,338,488,324,-1,492,338,349,-1,492,349,493,-1,493,349,347,-1,493,347,494,-1,494,347,345,-1,494,345,495,-1,495,345,357,-1,495,357,496,-1,496,357,360,-1,496,360,497,-1,497,360,362,-1,497,362,498,-1,498,362,365,-1,498,365,499,-1,500,499,343,-1,343,499,365,-1,500,343,354,-1,500,354,501,-1,501,354,377,-1,501,377,502,-1,502,377,379,-1,502,379,503,-1,503,379,380,-1,503,380,504,-1,504,380,372,-1,504,372,505,-1,505,372,371,-1,505,371,506,-1,506,371,374,-1,506,374,507,-1,491,507,327,-1,327,507,374,-1,491,441,449,-1,508,509,488,-1,510,511,488,-1,488,511,512,-1,488,512,513,-1,509,514,488,-1,488,514,515,-1,488,515,510,-1,399,397,516,-1,516,397,488,-1,516,488,517,-1,517,488,513,-1,518,507,519,-1,519,507,491,-1,519,491,520,-1,520,491,449,-1,504,521,522,-1,523,524,499,-1,524,525,499,-1,499,525,526,-1,499,526,498,-1,504,522,503,-1,527,528,500,-1,500,528,529,-1,500,529,499,-1,499,529,530,-1,499,530,523,-1,526,531,498,-1,498,531,532,-1,498,532,497,-1,497,532,533,-1,497,533,496,-1,496,533,534,-1,518,535,507,-1,507,535,536,-1,507,536,506,-1,506,536,537,-1,506,537,505,-1,505,537,538,-1,505,538,504,-1,504,538,539,-1,504,539,521,-1,522,540,503,-1,503,540,541,-1,503,541,502,-1,502,541,542,-1,502,542,501,-1,542,543,501,-1,501,543,544,-1,501,544,500,-1,500,544,545,-1,500,545,527,-1,508,488,534,-1,534,488,492,-1,534,492,493,-1,493,494,534,-1,534,494,495,-1,534,495,496,-1,546,547,248,-1,248,547,249,-1,249,547,548,-1,249,548,340,-1,549,351,337,-1,340,548,339,-1,339,548,550,-1,339,550,337,-1,337,550,551,-1,337,551,549,-1,248,246,546,-1,546,246,245,-1,546,245,552,-1,552,245,270,-1,552,270,553,-1,553,270,269,-1,553,269,554,-1,554,269,260,-1,554,260,555,-1,555,260,259,-1,555,259,556,-1,556,259,298,-1,556,298,557,-1,298,297,557,-1,557,297,296,-1,557,296,558,-1,558,296,295,-1,558,295,559,-1,559,295,294,-1,559,294,560,-1,560,294,293,-1,560,293,561,-1,561,293,292,-1,561,292,562,-1,292,323,562,-1,562,323,322,-1,562,322,563,-1,563,322,321,-1,563,321,564,-1,564,321,305,-1,564,305,565,-1,565,305,306,-1,565,306,566,-1,567,300,568,-1,568,300,299,-1,568,299,569,-1,566,306,570,-1,570,306,307,-1,570,307,571,-1,571,307,318,-1,571,318,572,-1,572,318,317,-1,572,317,567,-1,567,317,301,-1,567,301,300,-1,265,573,266,-1,266,573,574,-1,569,299,575,-1,575,299,287,-1,575,287,576,-1,576,287,286,-1,576,286,574,-1,574,286,285,-1,574,285,266,-1,577,578,233,-1,233,578,579,-1,233,579,242,-1,242,579,580,-1,242,580,243,-1,243,580,581,-1,243,581,244,-1,244,581,582,-1,244,582,256,-1,256,582,583,-1,256,583,257,-1,257,583,584,-1,257,584,258,-1,258,584,585,-1,258,585,264,-1,264,585,586,-1,264,586,265,-1,265,586,587,-1,265,587,573,-1,233,232,577,-1,577,232,230,-1,577,230,588,-1,588,230,229,-1,588,229,589,-1,589,229,236,-1,589,236,590,-1,590,236,235,-1,590,235,591,-1,591,235,234,-1,591,234,592,-1,592,234,228,-1,592,228,593,-1,593,228,227,-1,593,227,594,-1,594,227,226,-1,594,226,595,-1,595,226,596,-1,596,226,225,-1,596,225,597,-1,225,224,597,-1,597,224,222,-1,597,222,598,-1,598,222,221,-1,598,221,599,-1,599,221,241,-1,599,241,600,-1,600,241,240,-1,600,240,601,-1,601,240,237,-1,601,237,602,-1,602,237,238,-1,602,238,603,-1,603,238,239,-1,603,239,604,-1,604,239,255,-1,604,255,605,-1,605,255,254,-1,605,254,606,-1,606,254,607,-1,607,254,253,-1,607,253,608,-1,608,253,252,-1,608,252,609,-1,609,252,251,-1,609,251,610,-1,610,251,250,-1,610,250,611,-1,611,250,263,-1,611,263,612,-1,612,263,262,-1,612,262,613,-1,613,262,261,-1,613,261,614,-1,615,616,290,-1,290,616,614,-1,290,614,291,-1,291,614,261,-1,290,284,615,-1,615,284,283,-1,615,283,617,-1,617,283,282,-1,617,282,618,-1,618,282,268,-1,618,268,619,-1,619,268,267,-1,619,267,620,-1,620,267,304,-1,620,304,621,-1,621,304,303,-1,621,303,622,-1,622,303,302,-1,622,302,623,-1,302,316,623,-1,623,316,315,-1,623,315,624,-1,624,315,314,-1,624,314,625,-1,625,314,626,-1,626,314,289,-1,626,289,627,-1,627,289,288,-1,627,288,628,-1,628,288,320,-1,628,320,629,-1,629,320,319,-1,629,319,630,-1,630,319,313,-1,630,313,631,-1,313,312,631,-1,631,312,311,-1,631,311,632,-1,632,311,310,-1,632,310,633,-1,633,310,634,-1,634,310,309,-1,634,309,635,-1,635,309,308,-1,635,308,636,-1,636,308,281,-1,636,281,637,-1,637,281,280,-1,637,280,638,-1,638,280,279,-1,638,279,639,-1,639,279,278,-1,639,278,640,-1,640,278,277,-1,640,277,641,-1,641,277,276,-1,641,276,642,-1,642,276,275,-1,642,275,643,-1,643,275,274,-1,643,274,644,-1,644,274,272,-1,644,272,645,-1,272,271,645,-1,645,271,335,-1,645,335,646,-1,646,335,336,-1,646,336,647,-1,647,336,334,-1,647,334,648,-1,648,334,333,-1,648,333,649,-1,649,333,332,-1,650,651,652,-1,653,654,655,-1,655,654,656,-1,655,656,657,-1,650,658,659,-1,652,660,650,-1,650,660,661,-1,650,661,662,-1,653,655,663,-1,663,655,664,-1,663,664,665,-1,665,666,663,-1,663,666,667,-1,663,667,668,-1,657,669,655,-1,655,669,670,-1,655,670,650,-1,671,672,673,-1,650,674,675,-1,659,676,650,-1,650,676,677,-1,650,677,678,-1,678,679,650,-1,650,679,680,-1,650,680,651,-1,662,681,650,-1,650,681,682,-1,650,682,655,-1,683,684,668,-1,668,684,685,-1,668,685,663,-1,675,686,650,-1,650,686,687,-1,650,687,658,-1,688,689,690,-1,688,691,668,-1,668,691,692,-1,668,692,693,-1,674,650,673,-1,673,650,694,-1,673,694,671,-1,672,695,673,-1,673,695,696,-1,673,696,697,-1,697,696,698,-1,699,700,701,-1,701,700,702,-1,701,702,703,-1,699,701,696,-1,696,701,704,-1,696,704,698,-1,705,706,707,-1,708,709,688,-1,688,709,710,-1,688,710,689,-1,690,711,688,-1,688,711,712,-1,688,712,691,-1,713,714,668,-1,668,714,715,-1,668,715,683,-1,693,716,668,-1,668,716,717,-1,668,717,713,-1,708,688,707,-1,707,688,718,-1,707,718,705,-1,617,719,720,-1,721,722,723,-1,722,724,725,-1,724,726,727,-1,355,728,356,-1,350,351,549,-1,346,348,729,-1,729,348,350,-1,729,350,730,-1,728,355,729,-1,729,355,344,-1,729,344,346,-1,358,731,359,-1,359,731,732,-1,359,732,361,-1,727,364,732,-1,732,364,363,-1,732,363,361,-1,369,368,726,-1,726,368,367,-1,726,367,727,-1,727,367,366,-1,727,366,364,-1,370,733,341,-1,341,733,734,-1,341,734,342,-1,342,734,735,-1,342,735,352,-1,736,375,735,-1,735,375,353,-1,735,353,352,-1,328,373,737,-1,737,373,378,-1,737,378,736,-1,736,378,376,-1,736,376,375,-1,738,331,739,-1,739,331,330,-1,330,329,739,-1,739,329,326,-1,739,326,740,-1,740,326,325,-1,740,325,328,-1,664,655,741,-1,350,549,730,-1,730,549,551,-1,730,551,742,-1,742,551,550,-1,742,550,743,-1,550,548,743,-1,743,548,547,-1,743,547,744,-1,547,546,744,-1,744,546,552,-1,744,552,745,-1,745,552,553,-1,745,553,746,-1,553,554,746,-1,746,554,555,-1,746,555,747,-1,555,556,747,-1,747,556,557,-1,747,557,748,-1,748,557,558,-1,748,558,749,-1,558,559,749,-1,749,559,560,-1,749,560,750,-1,750,560,561,-1,750,561,751,-1,561,562,751,-1,751,562,563,-1,751,563,752,-1,563,564,752,-1,752,564,565,-1,752,565,753,-1,753,565,566,-1,753,566,754,-1,566,570,754,-1,754,570,571,-1,754,571,755,-1,755,571,572,-1,755,572,756,-1,572,567,756,-1,756,567,568,-1,756,568,757,-1,568,569,757,-1,757,569,575,-1,757,575,758,-1,758,575,576,-1,758,576,759,-1,576,574,759,-1,759,574,573,-1,759,573,760,-1,760,573,587,-1,760,587,761,-1,587,586,761,-1,761,586,585,-1,761,585,762,-1,762,585,584,-1,762,584,763,-1,584,583,763,-1,763,583,582,-1,763,582,764,-1,764,582,581,-1,764,581,765,-1,581,580,765,-1,765,580,579,-1,765,579,766,-1,766,579,578,-1,766,578,767,-1,578,577,767,-1,767,577,588,-1,767,588,768,-1,768,588,589,-1,768,589,769,-1,589,590,769,-1,769,590,591,-1,769,591,770,-1,591,592,770,-1,770,592,593,-1,770,593,771,-1,596,772,595,-1,595,772,771,-1,595,771,594,-1,594,771,593,-1,596,597,772,-1,772,597,598,-1,772,598,773,-1,598,599,773,-1,773,599,600,-1,773,600,774,-1,600,601,774,-1,774,601,602,-1,774,602,775,-1,602,603,775,-1,775,603,604,-1,775,604,776,-1,604,605,776,-1,776,605,606,-1,776,606,777,-1,606,607,777,-1,777,607,608,-1,777,608,778,-1,608,609,778,-1,778,609,610,-1,778,610,779,-1,613,780,612,-1,612,780,779,-1,612,779,611,-1,611,779,610,-1,613,614,780,-1,780,614,616,-1,780,616,720,-1,720,616,615,-1,720,615,617,-1,617,618,719,-1,719,618,619,-1,719,619,781,-1,619,620,781,-1,781,620,621,-1,781,621,782,-1,621,622,782,-1,782,622,623,-1,782,623,783,-1,623,624,783,-1,783,624,625,-1,783,625,784,-1,625,626,784,-1,784,626,627,-1,784,627,785,-1,630,786,629,-1,629,786,785,-1,629,785,628,-1,628,785,627,-1,630,631,786,-1,786,631,632,-1,786,632,787,-1,632,633,787,-1,787,633,634,-1,787,634,788,-1,788,634,635,-1,788,635,789,-1,638,790,637,-1,637,790,789,-1,637,789,636,-1,636,789,635,-1,638,639,790,-1,790,639,640,-1,790,640,791,-1,640,641,791,-1,791,641,642,-1,791,642,792,-1,642,643,792,-1,792,643,644,-1,792,644,793,-1,644,645,793,-1,793,645,646,-1,793,646,794,-1,332,331,649,-1,649,331,738,-1,649,738,648,-1,648,738,794,-1,648,794,647,-1,647,794,646,-1,328,737,740,-1,740,737,795,-1,740,795,739,-1,739,795,796,-1,739,796,738,-1,738,796,797,-1,738,797,794,-1,794,797,798,-1,794,798,793,-1,793,798,799,-1,793,799,792,-1,792,799,800,-1,792,800,791,-1,791,800,801,-1,791,801,790,-1,790,801,802,-1,790,802,789,-1,789,802,803,-1,789,803,788,-1,788,803,804,-1,788,804,787,-1,787,804,805,-1,787,805,786,-1,786,805,806,-1,786,806,785,-1,785,806,807,-1,785,807,784,-1,784,807,808,-1,784,808,783,-1,783,808,809,-1,783,809,782,-1,782,809,810,-1,782,810,781,-1,781,810,811,-1,781,811,719,-1,719,811,812,-1,719,812,720,-1,720,812,813,-1,720,813,780,-1,780,813,814,-1,780,814,779,-1,779,814,815,-1,779,815,778,-1,778,815,816,-1,778,816,777,-1,777,816,817,-1,777,817,776,-1,776,817,818,-1,776,818,775,-1,775,818,819,-1,775,819,774,-1,774,819,820,-1,774,820,773,-1,773,820,821,-1,773,821,772,-1,772,821,822,-1,772,822,771,-1,771,822,823,-1,771,823,770,-1,770,823,824,-1,770,824,769,-1,769,824,825,-1,769,825,768,-1,768,825,826,-1,768,826,767,-1,767,826,827,-1,767,827,766,-1,766,827,828,-1,766,828,765,-1,765,828,829,-1,765,829,764,-1,764,829,830,-1,764,830,763,-1,763,830,831,-1,763,831,762,-1,762,831,832,-1,762,832,761,-1,761,832,833,-1,761,833,760,-1,760,833,834,-1,760,834,759,-1,759,834,835,-1,759,835,758,-1,758,835,836,-1,758,836,757,-1,757,836,837,-1,757,837,756,-1,756,837,838,-1,756,838,755,-1,755,838,839,-1,755,839,754,-1,754,839,840,-1,754,840,753,-1,753,840,841,-1,753,841,752,-1,752,841,842,-1,752,842,751,-1,751,842,843,-1,751,843,750,-1,750,843,844,-1,750,844,749,-1,749,844,845,-1,749,845,748,-1,748,845,846,-1,748,846,747,-1,747,846,847,-1,747,847,746,-1,746,847,848,-1,746,848,745,-1,745,848,849,-1,745,849,744,-1,744,849,850,-1,744,850,743,-1,743,850,851,-1,743,851,742,-1,742,851,852,-1,742,852,730,-1,730,852,853,-1,730,853,729,-1,729,853,731,-1,729,731,728,-1,728,731,358,-1,728,358,356,-1,724,727,725,-1,725,727,732,-1,725,732,854,-1,854,732,731,-1,854,731,855,-1,855,731,853,-1,855,853,856,-1,856,853,852,-1,856,852,857,-1,857,852,851,-1,857,851,858,-1,858,851,850,-1,858,850,859,-1,859,850,849,-1,859,849,860,-1,860,849,848,-1,860,848,861,-1,861,848,847,-1,861,847,862,-1,862,847,846,-1,862,846,863,-1,863,846,845,-1,863,845,864,-1,864,845,844,-1,864,844,865,-1,865,844,843,-1,865,843,866,-1,866,843,842,-1,866,842,867,-1,867,842,841,-1,867,841,868,-1,868,841,840,-1,868,840,869,-1,869,840,839,-1,869,839,870,-1,870,839,838,-1,870,838,871,-1,871,838,837,-1,871,837,872,-1,872,837,836,-1,872,836,873,-1,873,836,835,-1,873,835,874,-1,874,835,834,-1,874,834,875,-1,875,834,833,-1,875,833,876,-1,876,833,832,-1,876,832,877,-1,877,832,831,-1,877,831,878,-1,878,831,830,-1,878,830,879,-1,879,830,829,-1,879,829,880,-1,880,829,828,-1,880,828,881,-1,881,828,827,-1,881,827,882,-1,882,827,826,-1,882,826,883,-1,883,826,825,-1,883,825,884,-1,884,825,824,-1,884,824,885,-1,885,824,823,-1,885,823,886,-1,886,823,822,-1,886,822,887,-1,887,822,821,-1,887,821,888,-1,888,821,820,-1,888,820,889,-1,889,820,819,-1,889,819,890,-1,890,819,818,-1,890,818,891,-1,891,818,817,-1,891,817,892,-1,892,817,816,-1,892,816,893,-1,893,816,815,-1,893,815,894,-1,894,815,814,-1,894,814,895,-1,895,814,813,-1,895,813,896,-1,896,813,812,-1,896,812,897,-1,897,812,811,-1,897,811,898,-1,898,811,810,-1,898,810,899,-1,899,810,809,-1,899,809,900,-1,900,809,808,-1,900,808,901,-1,901,808,807,-1,901,807,902,-1,902,807,806,-1,902,806,903,-1,903,806,805,-1,903,805,904,-1,904,805,804,-1,904,804,905,-1,905,804,803,-1,905,803,906,-1,906,803,802,-1,906,802,907,-1,907,802,801,-1,907,801,908,-1,908,801,800,-1,908,800,909,-1,909,800,799,-1,909,799,910,-1,910,799,798,-1,910,798,911,-1,911,798,797,-1,911,797,912,-1,912,797,796,-1,912,796,913,-1,913,796,795,-1,913,795,914,-1,914,795,737,-1,914,737,915,-1,915,737,736,-1,915,736,916,-1,916,736,735,-1,916,735,917,-1,917,735,734,-1,917,734,918,-1,918,734,733,-1,918,733,919,-1,722,725,723,-1,723,725,854,-1,723,854,920,-1,920,854,855,-1,920,855,921,-1,921,855,856,-1,921,856,922,-1,922,856,857,-1,922,857,923,-1,923,857,858,-1,923,858,924,-1,924,858,859,-1,924,859,925,-1,925,859,860,-1,925,860,926,-1,926,860,861,-1,926,861,927,-1,927,861,862,-1,927,862,928,-1,928,862,863,-1,928,863,929,-1,929,863,864,-1,929,864,930,-1,930,864,865,-1,930,865,931,-1,931,865,866,-1,931,866,932,-1,932,866,867,-1,932,867,933,-1,933,867,868,-1,933,868,934,-1,934,868,869,-1,934,869,935,-1,935,869,870,-1,935,870,936,-1,936,870,871,-1,936,871,937,-1,937,871,872,-1,937,872,938,-1,938,872,873,-1,938,873,939,-1,939,873,874,-1,939,874,940,-1,940,874,875,-1,940,875,941,-1,941,875,876,-1,941,876,942,-1,942,876,877,-1,942,877,943,-1,943,877,878,-1,943,878,944,-1,944,878,879,-1,944,879,945,-1,945,879,880,-1,945,880,946,-1,946,880,881,-1,946,881,947,-1,947,881,882,-1,947,882,948,-1,948,882,883,-1,948,883,949,-1,949,883,884,-1,949,884,950,-1,950,884,885,-1,950,885,951,-1,951,885,886,-1,951,886,952,-1,952,886,887,-1,952,887,953,-1,953,887,888,-1,953,888,954,-1,954,888,889,-1,954,889,955,-1,955,889,890,-1,955,890,956,-1,956,890,891,-1,956,891,957,-1,957,891,892,-1,957,892,958,-1,958,892,893,-1,958,893,959,-1,959,893,894,-1,959,894,960,-1,960,894,895,-1,960,895,961,-1,961,895,896,-1,961,896,962,-1,962,896,897,-1,962,897,963,-1,963,897,898,-1,963,898,964,-1,964,898,899,-1,964,899,965,-1,965,899,900,-1,965,900,966,-1,966,900,901,-1,966,901,967,-1,967,901,902,-1,967,902,968,-1,968,902,903,-1,968,903,969,-1,969,903,904,-1,969,904,970,-1,970,904,905,-1,970,905,971,-1,971,905,906,-1,971,906,972,-1,972,906,907,-1,972,907,973,-1,973,907,908,-1,973,908,974,-1,974,908,909,-1,974,909,975,-1,975,909,910,-1,975,910,976,-1,976,910,911,-1,976,911,977,-1,977,911,912,-1,977,912,978,-1,978,912,913,-1,978,913,979,-1,979,913,914,-1,979,914,980,-1,980,914,915,-1,980,915,981,-1,981,915,916,-1,981,916,982,-1,982,916,917,-1,982,917,983,-1,983,917,918,-1,983,918,984,-1,984,918,919,-1,984,919,985,-1,721,723,986,-1,986,723,920,-1,986,920,987,-1,987,920,921,-1,987,921,988,-1,988,921,922,-1,988,922,989,-1,989,922,923,-1,989,923,990,-1,990,923,924,-1,990,924,991,-1,991,924,925,-1,991,925,992,-1,992,925,926,-1,992,926,993,-1,993,926,927,-1,993,927,994,-1,994,927,928,-1,994,928,995,-1,995,928,929,-1,995,929,996,-1,996,929,930,-1,996,930,997,-1,997,930,931,-1,997,931,998,-1,998,931,932,-1,998,932,999,-1,999,932,933,-1,999,933,1000,-1,1000,933,934,-1,1000,934,1001,-1,1001,934,935,-1,1001,935,1002,-1,1002,935,936,-1,1002,936,1003,-1,1003,936,937,-1,1003,937,1004,-1,1004,937,938,-1,1004,938,1005,-1,1005,938,939,-1,1005,939,1006,-1,1006,939,940,-1,1006,940,1007,-1,1007,940,941,-1,1007,941,1008,-1,1008,941,942,-1,1008,942,1009,-1,1009,942,943,-1,1009,943,1010,-1,1010,943,944,-1,1010,944,1011,-1,1011,944,945,-1,1011,945,1012,-1,1012,945,946,-1,1012,946,1013,-1,1013,946,947,-1,1013,947,1014,-1,1014,947,948,-1,1014,948,1015,-1,1015,948,949,-1,1015,949,1016,-1,1016,949,950,-1,1016,950,1017,-1,1017,950,951,-1,1017,951,1018,-1,1018,951,952,-1,1018,952,1019,-1,1019,952,953,-1,1019,953,1020,-1,1020,953,954,-1,1020,954,1021,-1,1021,954,955,-1,1021,955,1022,-1,1022,955,956,-1,1022,956,1023,-1,1023,956,957,-1,1023,957,1024,-1,1024,957,958,-1,1024,958,1025,-1,1025,958,959,-1,1025,959,1026,-1,1026,959,960,-1,1026,960,1027,-1,1027,960,961,-1,1027,961,1028,-1,1028,961,962,-1,1028,962,1029,-1,1029,962,963,-1,1029,963,1030,-1,1030,963,964,-1,1030,964,1031,-1,1031,964,965,-1,1031,965,1032,-1,1032,965,966,-1,1032,966,1033,-1,1033,966,967,-1,1033,967,1034,-1,1034,967,968,-1,1034,968,1035,-1,1035,968,969,-1,1035,969,1036,-1,1036,969,970,-1,1036,970,1037,-1,1037,970,971,-1,1037,971,1038,-1,1038,971,972,-1,1038,972,1039,-1,1039,972,973,-1,1039,973,1040,-1,1040,973,974,-1,1040,974,1041,-1,1041,974,975,-1,1041,975,1042,-1,1042,975,976,-1,1042,976,1043,-1,1043,976,977,-1,1043,977,1044,-1,1044,977,978,-1,1044,978,1045,-1,1045,978,979,-1,1045,979,1046,-1,1046,979,980,-1,1046,980,1047,-1,1047,980,981,-1,1047,981,1048,-1,1048,981,982,-1,1048,982,1049,-1,1049,982,983,-1,1049,983,1050,-1,1050,983,984,-1,1050,984,1051,-1,1051,984,985,-1,1051,985,741,-1,370,369,733,-1,733,369,726,-1,733,726,919,-1,919,726,724,-1,919,724,985,-1,985,724,722,-1,985,722,741,-1,741,722,721,-1,741,721,664,-1,664,721,986,-1,664,986,665,-1,665,986,987,-1,665,987,666,-1,666,987,988,-1,666,988,667,-1,667,988,989,-1,667,989,668,-1,668,989,990,-1,668,990,688,-1,688,990,991,-1,688,991,718,-1,718,991,992,-1,718,992,705,-1,705,992,993,-1,705,993,706,-1,706,993,994,-1,706,994,707,-1,707,994,995,-1,707,995,708,-1,708,995,996,-1,708,996,709,-1,709,996,997,-1,709,997,710,-1,710,997,998,-1,710,998,689,-1,689,998,999,-1,689,999,690,-1,690,999,1000,-1,690,1000,711,-1,711,1000,1001,-1,711,1001,712,-1,712,1001,1002,-1,712,1002,691,-1,691,1002,1003,-1,691,1003,692,-1,692,1003,1004,-1,692,1004,693,-1,693,1004,1005,-1,693,1005,716,-1,716,1005,1006,-1,716,1006,717,-1,717,1006,1007,-1,717,1007,713,-1,713,1007,1008,-1,713,1008,714,-1,714,1008,1009,-1,714,1009,715,-1,715,1009,1010,-1,715,1010,683,-1,683,1010,1011,-1,683,1011,684,-1,684,1011,1012,-1,684,1012,685,-1,685,1012,1013,-1,685,1013,663,-1,663,1013,1014,-1,663,1014,653,-1,653,1014,1015,-1,653,1015,654,-1,654,1015,1016,-1,654,1016,656,-1,656,1016,1017,-1,656,1017,657,-1,657,1017,1018,-1,657,1018,669,-1,669,1018,1019,-1,669,1019,670,-1,670,1019,1020,-1,670,1020,650,-1,650,1020,1021,-1,650,1021,694,-1,694,1021,1022,-1,694,1022,671,-1,671,1022,1023,-1,671,1023,672,-1,672,1023,1024,-1,672,1024,695,-1,695,1024,1025,-1,695,1025,696,-1,696,1025,1026,-1,696,1026,699,-1,699,1026,1027,-1,699,1027,700,-1,700,1027,1028,-1,700,1028,702,-1,702,1028,1029,-1,702,1029,703,-1,703,1029,1030,-1,703,1030,701,-1,701,1030,1031,-1,701,1031,704,-1,704,1031,1032,-1,704,1032,698,-1,698,1032,1033,-1,698,1033,697,-1,697,1033,1034,-1,697,1034,673,-1,673,1034,1035,-1,673,1035,674,-1,674,1035,1036,-1,674,1036,675,-1,675,1036,1037,-1,675,1037,686,-1,686,1037,1038,-1,686,1038,687,-1,687,1038,1039,-1,687,1039,658,-1,658,1039,1040,-1,658,1040,659,-1,659,1040,1041,-1,659,1041,676,-1,676,1041,1042,-1,676,1042,677,-1,677,1042,1043,-1,677,1043,678,-1,678,1043,1044,-1,678,1044,679,-1,679,1044,1045,-1,679,1045,680,-1,680,1045,1046,-1,680,1046,651,-1,651,1046,1047,-1,651,1047,652,-1,652,1047,1048,-1,652,1048,660,-1,660,1048,1049,-1,660,1049,661,-1,661,1049,1050,-1,661,1050,662,-1,662,1050,1051,-1,662,1051,681,-1,681,1051,741,-1,681,741,682,-1,682,741,655,-1,1052,1053,483,-1,1054,536,535,-1,520,449,448,-1,1055,1056,519,-1,519,1056,518,-1,518,1056,1057,-1,518,1057,535,-1,535,1057,1058,-1,535,1058,1054,-1,519,520,1055,-1,1055,520,448,-1,1055,448,1059,-1,1059,448,447,-1,1059,447,1060,-1,1060,447,446,-1,1060,446,1061,-1,1061,446,445,-1,1061,445,1062,-1,1062,445,444,-1,1062,444,1063,-1,1063,444,443,-1,1063,443,1064,-1,1064,443,442,-1,1064,442,1065,-1,1065,442,440,-1,1065,440,1066,-1,1066,440,439,-1,1066,439,1067,-1,1067,439,478,-1,1067,478,1068,-1,1068,478,477,-1,1068,477,471,-1,483,1053,469,-1,469,1053,470,-1,470,1053,1069,-1,470,1069,471,-1,471,1069,1070,-1,471,1070,1068,-1,1052,483,1071,-1,1071,483,482,-1,1071,482,1072,-1,1072,482,461,-1,1072,461,1073,-1,461,460,1073,-1,1073,460,459,-1,1073,459,1074,-1,1074,459,458,-1,1074,458,1075,-1,1075,458,476,-1,1075,476,1076,-1,1076,476,475,-1,1076,475,1077,-1,1077,475,474,-1,1077,474,1078,-1,1078,474,468,-1,1078,468,1079,-1,1079,468,467,-1,1079,467,1080,-1,1080,467,466,-1,1080,466,1081,-1,1081,466,438,-1,1081,438,1082,-1,1082,438,437,-1,1082,437,1083,-1,1083,437,436,-1,1083,436,1084,-1,436,435,1084,-1,1084,435,457,-1,1084,457,1085,-1,1085,457,1086,-1,457,456,1086,-1,1086,456,423,-1,1086,423,1087,-1,1087,423,422,-1,1087,422,1088,-1,1088,422,421,-1,1088,421,1089,-1,1089,421,417,-1,1089,417,1090,-1,1090,417,416,-1,1090,416,1091,-1,1091,416,415,-1,1091,415,1092,-1,1092,415,414,-1,1092,414,1093,-1,1093,414,413,-1,1093,413,1094,-1,1094,413,1095,-1,1095,413,412,-1,1095,412,1096,-1,1096,412,408,-1,1096,408,1097,-1,1097,408,407,-1,1097,407,1098,-1,1098,407,406,-1,1098,406,1099,-1,406,405,1099,-1,1099,405,404,-1,1099,404,1100,-1,1100,404,403,-1,1100,403,1101,-1,1101,403,1102,-1,1102,403,392,-1,1102,392,1103,-1,1103,392,391,-1,1103,391,1104,-1,1104,391,390,-1,1104,390,1105,-1,390,389,1105,-1,1105,389,388,-1,1105,388,1106,-1,1107,1108,387,-1,387,1108,388,-1,388,1108,1109,-1,388,1109,1106,-1,387,386,1107,-1,1107,386,385,-1,1107,385,1110,-1,1110,385,395,-1,1110,395,1111,-1,395,394,1111,-1,1111,394,393,-1,1111,393,1112,-1,1112,393,382,-1,1112,382,1113,-1,1113,382,381,-1,1113,381,1114,-1,1115,1116,410,-1,410,1116,1117,-1,410,1117,411,-1,411,1117,1118,-1,1114,381,1119,-1,1119,381,402,-1,1119,402,1120,-1,1120,402,401,-1,1120,401,1118,-1,1118,401,400,-1,1118,400,411,-1,1121,1122,419,-1,419,1122,1123,-1,419,1123,420,-1,420,1123,1115,-1,420,1115,409,-1,409,1115,410,-1,419,418,1121,-1,1121,418,434,-1,1121,434,1124,-1,1124,434,433,-1,1124,433,1125,-1,1126,1127,472,-1,472,1127,1128,-1,472,1128,473,-1,473,1128,1129,-1,1125,433,1130,-1,1130,433,430,-1,1130,430,1131,-1,1131,430,431,-1,1131,431,1129,-1,1129,431,432,-1,1129,432,473,-1,472,465,1126,-1,1126,465,464,-1,1126,464,1132,-1,1132,464,463,-1,1132,463,1133,-1,1133,463,1134,-1,1134,463,462,-1,1134,462,1135,-1,462,481,1135,-1,1135,481,480,-1,1135,480,1136,-1,1136,480,479,-1,1136,479,1137,-1,1137,479,455,-1,1137,455,1138,-1,1138,455,454,-1,1138,454,1139,-1,1139,454,453,-1,1139,453,1140,-1,1140,453,452,-1,1140,452,1141,-1,1141,452,451,-1,1141,451,1142,-1,1142,451,450,-1,1142,450,1143,-1,1143,450,429,-1,1143,429,1144,-1,1144,429,428,-1,1144,428,1145,-1,1145,428,427,-1,1145,427,1146,-1,1146,427,426,-1,1146,426,1147,-1,1147,426,425,-1,1147,425,1148,-1,398,399,1149,-1,425,424,1148,-1,1148,424,396,-1,1148,396,1150,-1,1150,396,398,-1,1150,398,1151,-1,1151,398,1149,-1,399,516,1149,-1,1149,516,517,-1,1149,517,1152,-1,1152,517,513,-1,1152,513,1153,-1,1153,513,512,-1,1154,1155,1156,-1,1156,1155,1157,-1,1156,1157,1158,-1,1159,1160,1161,-1,1161,1160,1162,-1,1161,1163,1164,-1,1165,1166,1158,-1,1158,1166,1167,-1,1161,1168,1169,-1,1164,1170,1161,-1,1161,1170,1171,-1,1161,1171,1172,-1,1172,1171,1173,-1,1174,1175,1158,-1,1158,1175,1176,-1,1158,1176,1165,-1,1167,1177,1158,-1,1158,1177,1178,-1,1158,1178,1156,-1,1179,1180,1156,-1,1156,1180,1181,-1,1156,1181,1154,-1,1182,1183,1156,-1,1156,1183,1184,-1,1156,1184,1179,-1,1185,1186,1161,-1,1161,1187,1188,-1,1169,1189,1161,-1,1161,1189,1190,-1,1161,1190,1159,-1,1162,1191,1161,-1,1161,1191,1192,-1,1161,1192,1193,-1,1193,1194,1161,-1,1161,1194,1195,-1,1161,1195,1163,-1,1196,1197,1171,-1,1171,1197,1198,-1,1171,1198,1173,-1,1182,1156,1199,-1,1199,1156,1200,-1,1199,1200,1201,-1,1201,1202,1199,-1,1199,1202,1203,-1,1199,1203,1204,-1,1185,1161,1205,-1,1186,1206,1161,-1,1161,1206,1207,-1,1161,1207,1187,-1,1188,1208,1161,-1,1161,1208,1209,-1,1161,1209,1168,-1,1174,1158,1161,-1,1161,1158,1210,-1,1161,1210,1205,-1,1171,1211,1212,-1,1213,1214,1171,-1,1171,1214,1215,-1,1171,1215,1211,-1,1213,1216,1214,-1,1214,1216,1217,-1,1214,1217,1218,-1,1212,1219,1171,-1,1171,1219,1220,-1,1171,1220,1196,-1,1080,1221,1222,-1,511,1223,1224,-1,509,508,1225,-1,523,1226,1227,-1,537,536,1054,-1,522,521,1228,-1,1228,521,539,-1,1228,539,1229,-1,1229,539,538,-1,1229,538,537,-1,541,540,1230,-1,1230,1231,541,-1,541,1231,1232,-1,541,1232,542,-1,1233,544,1232,-1,1232,544,543,-1,1232,543,542,-1,530,529,1234,-1,529,528,1234,-1,1234,528,527,-1,1234,527,1233,-1,1233,527,545,-1,1233,545,544,-1,1235,525,1227,-1,1227,525,524,-1,1227,524,523,-1,1236,531,1235,-1,1235,531,526,-1,1235,526,525,-1,508,534,1237,-1,1237,534,533,-1,1237,533,1236,-1,1236,533,532,-1,1236,532,531,-1,511,510,1223,-1,1223,510,515,-1,1223,515,1225,-1,1225,515,514,-1,1225,514,509,-1,537,1054,1229,-1,1229,1054,1058,-1,1229,1058,1238,-1,1058,1057,1238,-1,1238,1057,1056,-1,1238,1056,1239,-1,1060,1240,1059,-1,1059,1240,1239,-1,1059,1239,1055,-1,1055,1239,1056,-1,1060,1061,1240,-1,1240,1061,1062,-1,1240,1062,1241,-1,1062,1063,1241,-1,1241,1063,1064,-1,1241,1064,1242,-1,1067,1243,1066,-1,1066,1243,1242,-1,1066,1242,1065,-1,1065,1242,1064,-1,1067,1068,1243,-1,1243,1068,1070,-1,1243,1070,1244,-1,1070,1069,1244,-1,1244,1069,1053,-1,1244,1053,1245,-1,1053,1052,1245,-1,1245,1052,1071,-1,1245,1071,1246,-1,1071,1072,1246,-1,1246,1072,1073,-1,1246,1073,1247,-1,1076,1248,1075,-1,1075,1248,1247,-1,1075,1247,1074,-1,1074,1247,1073,-1,1076,1077,1248,-1,1248,1077,1078,-1,1248,1078,1222,-1,1222,1078,1079,-1,1222,1079,1080,-1,1080,1081,1221,-1,1221,1081,1082,-1,1221,1082,1249,-1,1082,1083,1249,-1,1249,1083,1084,-1,1249,1084,1250,-1,1084,1085,1250,-1,1250,1085,1086,-1,1250,1086,1251,-1,1089,1252,1088,-1,1088,1252,1251,-1,1088,1251,1087,-1,1087,1251,1086,-1,1089,1090,1252,-1,1252,1090,1091,-1,1252,1091,1253,-1,1091,1092,1253,-1,1253,1092,1093,-1,1253,1093,1254,-1,1093,1094,1254,-1,1254,1094,1095,-1,1254,1095,1255,-1,1095,1096,1255,-1,1255,1096,1097,-1,1255,1097,1256,-1,1097,1098,1256,-1,1256,1098,1099,-1,1256,1099,1257,-1,1099,1100,1257,-1,1257,1100,1101,-1,1257,1101,1258,-1,1101,1102,1258,-1,1258,1102,1103,-1,1258,1103,1259,-1,1106,1260,1105,-1,1105,1260,1259,-1,1105,1259,1104,-1,1104,1259,1103,-1,1106,1109,1260,-1,1260,1109,1108,-1,1260,1108,1261,-1,1261,1108,1107,-1,1261,1107,1262,-1,1107,1110,1262,-1,1262,1110,1111,-1,1262,1111,1263,-1,1111,1112,1263,-1,1263,1112,1113,-1,1263,1113,1264,-1,1113,1114,1264,-1,1264,1114,1119,-1,1264,1119,1265,-1,1265,1119,1120,-1,1265,1120,1266,-1,1120,1118,1266,-1,1266,1118,1117,-1,1266,1117,1267,-1,1267,1117,1116,-1,1267,1116,1268,-1,1116,1115,1268,-1,1268,1115,1123,-1,1268,1123,1269,-1,1269,1123,1122,-1,1269,1122,1270,-1,1122,1121,1270,-1,1270,1121,1124,-1,1270,1124,1271,-1,1124,1125,1271,-1,1271,1125,1130,-1,1271,1130,1272,-1,1272,1130,1131,-1,1272,1131,1273,-1,1131,1129,1273,-1,1273,1129,1128,-1,1273,1128,1274,-1,1274,1128,1127,-1,1274,1127,1275,-1,1127,1126,1275,-1,1275,1126,1132,-1,1275,1132,1276,-1,1276,1132,1133,-1,1276,1133,1277,-1,1133,1134,1277,-1,1277,1134,1135,-1,1277,1135,1278,-1,1135,1136,1278,-1,1278,1136,1137,-1,1278,1137,1279,-1,1279,1137,1138,-1,1279,1138,1280,-1,1138,1139,1280,-1,1280,1139,1140,-1,1280,1140,1281,-1,1281,1140,1141,-1,1281,1141,1282,-1,1141,1142,1282,-1,1282,1142,1143,-1,1282,1143,1283,-1,1283,1143,1144,-1,1283,1144,1284,-1,1144,1145,1284,-1,1284,1145,1146,-1,1284,1146,1285,-1,1285,1146,1147,-1,1285,1147,1286,-1,1147,1148,1286,-1,1286,1148,1150,-1,1286,1150,1287,-1,512,511,1153,-1,1153,511,1224,-1,1153,1224,1152,-1,1152,1224,1288,-1,1152,1288,1149,-1,1149,1288,1287,-1,1149,1287,1151,-1,1151,1287,1150,-1,508,1237,1225,-1,1225,1237,1289,-1,1225,1289,1223,-1,1223,1289,1290,-1,1223,1290,1224,-1,1224,1290,1291,-1,1224,1291,1288,-1,1288,1291,1292,-1,1288,1292,1287,-1,1287,1292,1293,-1,1287,1293,1286,-1,1286,1293,1294,-1,1286,1294,1285,-1,1285,1294,1295,-1,1285,1295,1284,-1,1284,1295,1296,-1,1284,1296,1283,-1,1283,1296,1297,-1,1283,1297,1282,-1,1282,1297,1298,-1,1282,1298,1281,-1,1281,1298,1299,-1,1281,1299,1280,-1,1280,1299,1300,-1,1280,1300,1279,-1,1279,1300,1301,-1,1279,1301,1278,-1,1278,1301,1302,-1,1278,1302,1277,-1,1277,1302,1303,-1,1277,1303,1276,-1,1276,1303,1304,-1,1276,1304,1275,-1,1275,1304,1305,-1,1275,1305,1274,-1,1274,1305,1306,-1,1274,1306,1273,-1,1273,1306,1307,-1,1273,1307,1272,-1,1272,1307,1308,-1,1272,1308,1271,-1,1271,1308,1309,-1,1271,1309,1270,-1,1270,1309,1310,-1,1270,1310,1269,-1,1269,1310,1311,-1,1269,1311,1268,-1,1268,1311,1312,-1,1268,1312,1267,-1,1267,1312,1313,-1,1267,1313,1266,-1,1266,1313,1314,-1,1266,1314,1265,-1,1265,1314,1315,-1,1265,1315,1264,-1,1264,1315,1316,-1,1264,1316,1263,-1,1263,1316,1317,-1,1263,1317,1262,-1,1262,1317,1318,-1,1262,1318,1261,-1,1261,1318,1319,-1,1261,1319,1260,-1,1260,1319,1320,-1,1260,1320,1259,-1,1259,1320,1321,-1,1259,1321,1258,-1,1258,1321,1322,-1,1258,1322,1257,-1,1257,1322,1323,-1,1257,1323,1256,-1,1256,1323,1324,-1,1256,1324,1255,-1,1255,1324,1325,-1,1255,1325,1254,-1,1254,1325,1326,-1,1254,1326,1253,-1,1253,1326,1327,-1,1253,1327,1252,-1,1252,1327,1328,-1,1252,1328,1251,-1,1251,1328,1329,-1,1251,1329,1250,-1,1250,1329,1330,-1,1250,1330,1249,-1,1249,1330,1331,-1,1249,1331,1221,-1,1221,1331,1332,-1,1221,1332,1222,-1,1222,1332,1333,-1,1222,1333,1248,-1,1248,1333,1334,-1,1248,1334,1247,-1,1247,1334,1335,-1,1247,1335,1246,-1,1246,1335,1336,-1,1246,1336,1245,-1,1245,1336,1337,-1,1245,1337,1244,-1,1244,1337,1338,-1,1244,1338,1243,-1,1243,1338,1339,-1,1243,1339,1242,-1,1242,1339,1340,-1,1242,1340,1241,-1,1241,1340,1341,-1,1241,1341,1240,-1,1240,1341,1342,-1,1240,1342,1239,-1,1239,1342,1343,-1,1239,1343,1238,-1,1238,1343,1344,-1,1238,1344,1229,-1,1229,1344,1230,-1,1229,1230,1228,-1,1228,1230,540,-1,1228,540,522,-1,1226,1345,1346,-1,1345,1347,1348,-1,1347,1349,1350,-1,1155,1154,1349,-1,1226,1346,1227,-1,1227,1346,1351,-1,1227,1351,1235,-1,1235,1351,1352,-1,1235,1352,1236,-1,1236,1352,1353,-1,1236,1353,1237,-1,1237,1353,1354,-1,1237,1354,1289,-1,1289,1354,1355,-1,1289,1355,1290,-1,1290,1355,1356,-1,1290,1356,1291,-1,1291,1356,1357,-1,1291,1357,1292,-1,1292,1357,1358,-1,1292,1358,1293,-1,1293,1358,1359,-1,1293,1359,1294,-1,1294,1359,1360,-1,1294,1360,1295,-1,1295,1360,1361,-1,1295,1361,1296,-1,1296,1361,1362,-1,1296,1362,1297,-1,1297,1362,1363,-1,1297,1363,1298,-1,1298,1363,1364,-1,1298,1364,1299,-1,1299,1364,1365,-1,1299,1365,1300,-1,1300,1365,1366,-1,1300,1366,1301,-1,1301,1366,1367,-1,1301,1367,1302,-1,1302,1367,1368,-1,1302,1368,1303,-1,1303,1368,1369,-1,1303,1369,1304,-1,1304,1369,1370,-1,1304,1370,1305,-1,1305,1370,1371,-1,1305,1371,1306,-1,1306,1371,1372,-1,1306,1372,1307,-1,1307,1372,1373,-1,1307,1373,1308,-1,1308,1373,1374,-1,1308,1374,1309,-1,1309,1374,1375,-1,1309,1375,1310,-1,1310,1375,1376,-1,1310,1376,1311,-1,1311,1376,1377,-1,1311,1377,1312,-1,1312,1377,1378,-1,1312,1378,1313,-1,1313,1378,1379,-1,1313,1379,1314,-1,1314,1379,1380,-1,1314,1380,1315,-1,1315,1380,1381,-1,1315,1381,1316,-1,1316,1381,1382,-1,1316,1382,1317,-1,1317,1382,1383,-1,1317,1383,1318,-1,1318,1383,1384,-1,1318,1384,1319,-1,1319,1384,1385,-1,1319,1385,1320,-1,1320,1385,1386,-1,1320,1386,1321,-1,1321,1386,1387,-1,1321,1387,1322,-1,1322,1387,1388,-1,1322,1388,1323,-1,1323,1388,1389,-1,1323,1389,1324,-1,1324,1389,1390,-1,1324,1390,1325,-1,1325,1390,1391,-1,1325,1391,1326,-1,1326,1391,1392,-1,1326,1392,1327,-1,1327,1392,1393,-1,1327,1393,1328,-1,1328,1393,1394,-1,1328,1394,1329,-1,1329,1394,1395,-1,1329,1395,1330,-1,1330,1395,1396,-1,1330,1396,1331,-1,1331,1396,1397,-1,1331,1397,1332,-1,1332,1397,1398,-1,1332,1398,1333,-1,1333,1398,1399,-1,1333,1399,1334,-1,1334,1399,1400,-1,1334,1400,1335,-1,1335,1400,1401,-1,1335,1401,1336,-1,1336,1401,1402,-1,1336,1402,1337,-1,1337,1402,1403,-1,1337,1403,1338,-1,1338,1403,1404,-1,1338,1404,1339,-1,1339,1404,1405,-1,1339,1405,1340,-1,1340,1405,1406,-1,1340,1406,1341,-1,1341,1406,1407,-1,1341,1407,1342,-1,1342,1407,1408,-1,1342,1408,1343,-1,1343,1408,1409,-1,1343,1409,1344,-1,1344,1409,1410,-1,1344,1410,1230,-1,1230,1410,1411,-1,1230,1411,1231,-1,1231,1411,1412,-1,1231,1412,1232,-1,1232,1412,1413,-1,1232,1413,1233,-1,1233,1413,1414,-1,1233,1414,1234,-1,1345,1348,1346,-1,1346,1348,1415,-1,1346,1415,1351,-1,1351,1415,1416,-1,1351,1416,1352,-1,1352,1416,1417,-1,1352,1417,1353,-1,1353,1417,1418,-1,1353,1418,1354,-1,1354,1418,1419,-1,1354,1419,1355,-1,1355,1419,1420,-1,1355,1420,1356,-1,1356,1420,1421,-1,1356,1421,1357,-1,1357,1421,1422,-1,1357,1422,1358,-1,1358,1422,1423,-1,1358,1423,1359,-1,1359,1423,1424,-1,1359,1424,1360,-1,1360,1424,1425,-1,1360,1425,1361,-1,1361,1425,1426,-1,1361,1426,1362,-1,1362,1426,1427,-1,1362,1427,1363,-1,1363,1427,1428,-1,1363,1428,1364,-1,1364,1428,1429,-1,1364,1429,1365,-1,1365,1429,1430,-1,1365,1430,1366,-1,1366,1430,1431,-1,1366,1431,1367,-1,1367,1431,1432,-1,1367,1432,1368,-1,1368,1432,1433,-1,1368,1433,1369,-1,1369,1433,1434,-1,1369,1434,1370,-1,1370,1434,1435,-1,1370,1435,1371,-1,1371,1435,1436,-1,1371,1436,1372,-1,1372,1436,1437,-1,1372,1437,1373,-1,1373,1437,1438,-1,1373,1438,1374,-1,1374,1438,1439,-1,1374,1439,1375,-1,1375,1439,1440,-1,1375,1440,1376,-1,1376,1440,1441,-1,1376,1441,1377,-1,1377,1441,1442,-1,1377,1442,1378,-1,1378,1442,1443,-1,1378,1443,1379,-1,1379,1443,1444,-1,1379,1444,1380,-1,1380,1444,1445,-1,1380,1445,1381,-1,1381,1445,1446,-1,1381,1446,1382,-1,1382,1446,1447,-1,1382,1447,1383,-1,1383,1447,1448,-1,1383,1448,1384,-1,1384,1448,1449,-1,1384,1449,1385,-1,1385,1449,1450,-1,1385,1450,1386,-1,1386,1450,1451,-1,1386,1451,1387,-1,1387,1451,1452,-1,1387,1452,1388,-1,1388,1452,1453,-1,1388,1453,1389,-1,1389,1453,1454,-1,1389,1454,1390,-1,1390,1454,1455,-1,1390,1455,1391,-1,1391,1455,1456,-1,1391,1456,1392,-1,1392,1456,1457,-1,1392,1457,1393,-1,1393,1457,1458,-1,1393,1458,1394,-1,1394,1458,1459,-1,1394,1459,1395,-1,1395,1459,1460,-1,1395,1460,1396,-1,1396,1460,1461,-1,1396,1461,1397,-1,1397,1461,1462,-1,1397,1462,1398,-1,1398,1462,1463,-1,1398,1463,1399,-1,1399,1463,1464,-1,1399,1464,1400,-1,1400,1464,1465,-1,1400,1465,1401,-1,1401,1465,1466,-1,1401,1466,1402,-1,1402,1466,1467,-1,1402,1467,1403,-1,1403,1467,1468,-1,1403,1468,1404,-1,1404,1468,1469,-1,1404,1469,1405,-1,1405,1469,1470,-1,1405,1470,1406,-1,1406,1470,1471,-1,1406,1471,1407,-1,1407,1471,1472,-1,1407,1472,1408,-1,1408,1472,1473,-1,1408,1473,1409,-1,1409,1473,1474,-1,1409,1474,1410,-1,1410,1474,1475,-1,1410,1475,1411,-1,1411,1475,1476,-1,1411,1476,1412,-1,1412,1476,1477,-1,1412,1477,1413,-1,1413,1477,1478,-1,1413,1478,1414,-1,1347,1350,1348,-1,1348,1350,1479,-1,1348,1479,1415,-1,1415,1479,1480,-1,1415,1480,1416,-1,1416,1480,1481,-1,1416,1481,1417,-1,1417,1481,1482,-1,1417,1482,1418,-1,1418,1482,1483,-1,1418,1483,1419,-1,1419,1483,1484,-1,1419,1484,1420,-1,1420,1484,1485,-1,1420,1485,1421,-1,1421,1485,1486,-1,1421,1486,1422,-1,1422,1486,1487,-1,1422,1487,1423,-1,1423,1487,1488,-1,1423,1488,1424,-1,1424,1488,1489,-1,1424,1489,1425,-1,1425,1489,1490,-1,1425,1490,1426,-1,1426,1490,1491,-1,1426,1491,1427,-1,1427,1491,1492,-1,1427,1492,1428,-1,1428,1492,1493,-1,1428,1493,1429,-1,1429,1493,1494,-1,1429,1494,1430,-1,1430,1494,1495,-1,1430,1495,1431,-1,1431,1495,1496,-1,1431,1496,1432,-1,1432,1496,1497,-1,1432,1497,1433,-1,1433,1497,1498,-1,1433,1498,1434,-1,1434,1498,1499,-1,1434,1499,1435,-1,1435,1499,1500,-1,1435,1500,1436,-1,1436,1500,1501,-1,1436,1501,1437,-1,1437,1501,1502,-1,1437,1502,1438,-1,1438,1502,1503,-1,1438,1503,1439,-1,1439,1503,1504,-1,1439,1504,1440,-1,1440,1504,1505,-1,1440,1505,1441,-1,1441,1505,1506,-1,1441,1506,1442,-1,1442,1506,1507,-1,1442,1507,1443,-1,1443,1507,1508,-1,1443,1508,1444,-1,1444,1508,1509,-1,1444,1509,1445,-1,1445,1509,1510,-1,1445,1510,1446,-1,1446,1510,1511,-1,1446,1511,1447,-1,1447,1511,1512,-1,1447,1512,1448,-1,1448,1512,1513,-1,1448,1513,1449,-1,1449,1513,1514,-1,1449,1514,1450,-1,1450,1514,1515,-1,1450,1515,1451,-1,1451,1515,1516,-1,1451,1516,1452,-1,1452,1516,1517,-1,1452,1517,1453,-1,1453,1517,1518,-1,1453,1518,1454,-1,1454,1518,1519,-1,1454,1519,1455,-1,1455,1519,1520,-1,1455,1520,1456,-1,1456,1520,1521,-1,1456,1521,1457,-1,1457,1521,1522,-1,1457,1522,1458,-1,1458,1522,1523,-1,1458,1523,1459,-1,1459,1523,1524,-1,1459,1524,1460,-1,1460,1524,1525,-1,1460,1525,1461,-1,1461,1525,1526,-1,1461,1526,1462,-1,1462,1526,1527,-1,1462,1527,1463,-1,1463,1527,1528,-1,1463,1528,1464,-1,1464,1528,1529,-1,1464,1529,1465,-1,1465,1529,1530,-1,1465,1530,1466,-1,1466,1530,1531,-1,1466,1531,1467,-1,1467,1531,1532,-1,1467,1532,1468,-1,1468,1532,1533,-1,1468,1533,1469,-1,1469,1533,1534,-1,1469,1534,1470,-1,1470,1534,1535,-1,1470,1535,1471,-1,1471,1535,1536,-1,1471,1536,1472,-1,1472,1536,1537,-1,1472,1537,1473,-1,1473,1537,1538,-1,1473,1538,1474,-1,1474,1538,1539,-1,1474,1539,1475,-1,1475,1539,1540,-1,1475,1540,1476,-1,1476,1540,1541,-1,1476,1541,1477,-1,1477,1541,1542,-1,1477,1542,1478,-1,523,530,1226,-1,1226,530,1234,-1,1226,1234,1345,-1,1345,1234,1414,-1,1345,1414,1347,-1,1347,1414,1478,-1,1347,1478,1349,-1,1349,1478,1542,-1,1349,1542,1155,-1,1155,1542,1541,-1,1155,1541,1157,-1,1157,1541,1540,-1,1157,1540,1158,-1,1158,1540,1539,-1,1158,1539,1210,-1,1210,1539,1538,-1,1210,1538,1205,-1,1205,1538,1537,-1,1205,1537,1185,-1,1185,1537,1536,-1,1185,1536,1186,-1,1186,1536,1535,-1,1186,1535,1206,-1,1206,1535,1534,-1,1206,1534,1207,-1,1207,1534,1533,-1,1207,1533,1187,-1,1187,1533,1532,-1,1187,1532,1188,-1,1188,1532,1531,-1,1188,1531,1208,-1,1208,1531,1530,-1,1208,1530,1209,-1,1209,1530,1529,-1,1209,1529,1168,-1,1168,1529,1528,-1,1168,1528,1169,-1,1169,1528,1527,-1,1169,1527,1189,-1,1189,1527,1526,-1,1189,1526,1190,-1,1190,1526,1525,-1,1190,1525,1159,-1,1159,1525,1524,-1,1159,1524,1160,-1,1160,1524,1523,-1,1160,1523,1162,-1,1162,1523,1522,-1,1162,1522,1191,-1,1191,1522,1521,-1,1191,1521,1192,-1,1192,1521,1520,-1,1192,1520,1193,-1,1193,1520,1519,-1,1193,1519,1194,-1,1194,1519,1518,-1,1194,1518,1195,-1,1195,1518,1517,-1,1195,1517,1163,-1,1163,1517,1516,-1,1163,1516,1164,-1,1164,1516,1515,-1,1164,1515,1170,-1,1170,1515,1514,-1,1170,1514,1171,-1,1171,1514,1513,-1,1171,1513,1213,-1,1213,1513,1512,-1,1213,1512,1216,-1,1216,1512,1511,-1,1216,1511,1217,-1,1217,1511,1510,-1,1217,1510,1218,-1,1218,1510,1509,-1,1218,1509,1214,-1,1214,1509,1508,-1,1214,1508,1215,-1,1215,1508,1507,-1,1215,1507,1211,-1,1211,1507,1506,-1,1211,1506,1212,-1,1212,1506,1505,-1,1212,1505,1219,-1,1219,1505,1504,-1,1219,1504,1220,-1,1220,1504,1503,-1,1220,1503,1196,-1,1196,1503,1502,-1,1196,1502,1197,-1,1197,1502,1501,-1,1197,1501,1198,-1,1198,1501,1500,-1,1198,1500,1173,-1,1173,1500,1499,-1,1173,1499,1172,-1,1172,1499,1498,-1,1172,1498,1161,-1,1161,1498,1497,-1,1161,1497,1174,-1,1174,1497,1496,-1,1174,1496,1175,-1,1175,1496,1495,-1,1175,1495,1176,-1,1176,1495,1494,-1,1176,1494,1165,-1,1165,1494,1493,-1,1165,1493,1166,-1,1166,1493,1492,-1,1166,1492,1167,-1,1167,1492,1491,-1,1167,1491,1177,-1,1177,1491,1490,-1,1177,1490,1178,-1,1178,1490,1489,-1,1178,1489,1156,-1,1156,1489,1488,-1,1156,1488,1200,-1,1200,1488,1487,-1,1200,1487,1201,-1,1201,1487,1486,-1,1201,1486,1202,-1,1202,1486,1485,-1,1202,1485,1203,-1,1203,1485,1484,-1,1203,1484,1204,-1,1204,1484,1483,-1,1204,1483,1199,-1,1199,1483,1482,-1,1199,1482,1182,-1,1182,1482,1481,-1,1182,1481,1183,-1,1183,1481,1480,-1,1183,1480,1184,-1,1184,1480,1479,-1,1184,1479,1179,-1,1179,1479,1350,-1,1179,1350,1180,-1,1180,1350,1349,-1,1180,1349,1181,-1,1181,1349,1154,-1,209,1543,210,-1,210,1543,1544,-1,210,1544,211,-1,211,1544,1545,-1,211,1545,212,-1,212,1545,1546,-1,212,1546,213,-1,213,1546,1547,-1,213,1547,214,-1,214,1547,1548,-1,214,1548,215,-1,215,1548,1549,-1,215,1549,205,-1,205,1549,1550,-1,205,1550,198,-1,198,1550,1551,-1,198,1551,199,-1,199,1551,1552,-1,199,1552,206,-1,206,1552,1553,-1,206,1553,207,-1,207,1553,1554,-1,207,1554,208,-1,208,1554,1555,-1,208,1555,218,-1,218,1555,1556,-1,218,1556,217,-1,217,1556,1557,-1,217,1557,219,-1,219,1557,1558,-1,219,1558,220,-1,220,1558,1559,-1,220,1559,216,-1,216,1559,1560,-1,216,1560,177,-1,177,1560,1561,-1,177,1561,200,-1,200,1561,1562,-1,200,1562,201,-1,201,1562,1563,-1,201,1563,202,-1,202,1563,1564,-1,202,1564,203,-1,203,1564,1565,-1,203,1565,204,-1,204,1565,1566,-1,204,1566,209,-1,209,1566,1543,-1,1567,1568,1569,-1,1569,1568,1570,-1,1569,1570,1571,-1,1572,1573,1569,-1,1569,1573,1574,-1,1569,1574,1567,-1,1575,1576,1569,-1,1569,1576,1577,-1,1569,1577,1572,-1,1578,1579,1569,-1,1569,1579,1580,-1,1569,1580,1575,-1,1581,1582,1569,-1,1569,1582,1583,-1,1569,1583,1578,-1,1584,1585,1569,-1,1569,1585,1586,-1,1569,1586,1581,-1,1587,1588,1569,-1,1569,1588,1589,-1,1569,1589,1584,-1,1571,1590,1569,-1,1569,1590,1591,-1,1569,1591,1587,-1,1566,1568,1543,-1,1543,1568,1567,-1,1543,1567,1544,-1,1544,1567,1574,-1,1544,1574,1545,-1,1545,1574,1573,-1,1545,1573,1546,-1,1546,1573,1572,-1,1546,1572,1547,-1,1547,1572,1577,-1,1547,1577,1548,-1,1548,1577,1576,-1,1548,1576,1549,-1,1549,1576,1575,-1,1549,1575,1550,-1,1550,1575,1580,-1,1550,1580,1551,-1,1551,1580,1579,-1,1551,1579,1552,-1,1552,1579,1578,-1,1552,1578,1553,-1,1553,1578,1583,-1,1553,1583,1554,-1,1554,1583,1582,-1,1554,1582,1555,-1,1555,1582,1581,-1,1555,1581,1556,-1,1556,1581,1586,-1,1556,1586,1557,-1,1557,1586,1585,-1,1557,1585,1558,-1,1558,1585,1584,-1,1558,1584,1559,-1,1559,1584,1589,-1,1559,1589,1560,-1,1560,1589,1588,-1,1560,1588,1561,-1,1561,1588,1587,-1,1561,1587,1562,-1,1562,1587,1591,-1,1562,1591,1563,-1,1563,1591,1590,-1,1563,1590,1564,-1,1564,1590,1571,-1,1564,1571,1565,-1,1565,1571,1570,-1,1565,1570,1566,-1,1566,1570,1568,-1,168,191,170,-1,170,191,182,-1,191,484,182,-1,182,484,486,-1,5,4,176,-1,196,162,161,-1,161,160,196,-1,196,160,159,-1,196,159,176,-1,176,159,158,-1,176,158,5,-1,18,16,165,-1,164,33,32,-1,32,31,164,-1,164,31,104,-1,164,104,165,-1,165,104,103,-1,165,103,18,-1,1592,14,13,-1,75,1593,19,-1,19,1593,1594,-1,19,1594,13,-1,13,1594,1595,-1,13,1595,1592,-1,1596,1597,1594,-1,1594,1597,1595,-1,1598,1599,1596,-1,1596,1599,1597,-1,1600,1599,1601,-1,1601,1599,1598,-1,187,1600,188,-1,188,1600,1601,-1,1599,1600,1592,-1,1592,1600,187,-1,1592,187,14,-1,14,187,189,-1,14,189,1602,-1,1601,1598,188,-1,188,1598,1593,-1,188,1593,190,-1,190,1593,75,-1,190,75,1603,-1,1598,1596,1593,-1,1593,1596,1594,-1,1597,1599,1595,-1,1595,1599,1592,-1,1603,1604,190,-1,190,1604,195,-1,1604,9,195,-1,195,9,145,-1,9,1604,10,-1,10,1604,1603,-1,10,1603,75,-1,17,1605,15,-1,15,1605,193,-1,1605,1602,193,-1,193,1602,189,-1,1605,17,1602,-1,1602,17,14,-1,1606,186,1607,-1,1607,186,185,-1,1608,1606,1609,-1,1609,1606,1607,-1,1610,1611,1609,-1,1609,1611,1608,-1,1612,1613,1610,-1,1610,1613,1611,-1,1614,23,25,-1,28,1615,26,-1,26,1615,1613,-1,26,1613,25,-1,25,1613,1612,-1,25,1612,1614,-1,1606,1608,186,-1,186,1608,1615,-1,186,1615,180,-1,180,1615,28,-1,180,28,1616,-1,1609,1607,1614,-1,1614,1607,185,-1,1614,185,23,-1,23,185,184,-1,23,184,1617,-1,1610,1609,1612,-1,1612,1609,1614,-1,1608,1611,1615,-1,1615,1611,1613,-1,6,1618,7,-1,7,1618,183,-1,7,183,89,-1,1618,1617,183,-1,183,1617,184,-1,23,1617,22,-1,22,1617,1618,-1,22,1618,6,-1,1616,1619,180,-1,180,1619,175,-1,34,175,29,-1,29,175,1619,-1,29,1619,30,-1,30,1619,28,-1,28,1619,1616,-1,
        ]
    }
}
Shape{
    appearance Appearance {
        material  Material 	{
            diffuseColor 0.6666666666666666 0.6666666666666666 0.6666666666666666
            specularColor 0.4666666666666667 0.4666666666666667 0.4666666666666667
            ambientIntensity 0.6667
            transparency 0.0
            shininess 0.5
        }
    }
    geometry IndexedFaceSet {
        ccw TRUE
        solid FALSE
        coord DEF co Coordinate {
            point [
                -1.0039 0.628 -1.378, -1.0039 0.628 0.1969, -1.0039 0.372 -1.378, -1.0039 0.372 0.1969, -1.1614 0.628 -1.378, -1.1614 0.628 0.1969, -1.1614 0.372 -1.378, -1.1614 0.372 0.1969, -1.0039 -0.372 -1.378, -1.0039 -0.372 0.1969, -1.0039 -0.628 -1.378, -1.0039 -0.628 0.1969, -1.1614 -0.372 -1.378, -1.1614 -0.372 0.1969, -1.1614 -0.628 -1.378, -1.1614 -0.628 0.1969, 1.0039 -0.372 -1.378, 1.0039 -0.628 -1.378, 1.0039 -0.372 0.0, 1.0039 -0.628 0.0, 1.1614 -0.628 -1.378, 1.1614 -0.628 0.0, 1.1614 -0.372 -1.378, 1.1614 -0.372 0.0, 1.0039 0.628 0.0, 1.0039 0.628 -1.378, 1.0039 0.372 0.0, 1.0039 0.372 -1.378, 1.1614 0.372 0.0, 1.1614 0.372 -1.378, 1.1614 0.628 0.0, 1.1614 0.628 -1.378
            ]
        }
        coordIndex [
            0,1,2,-1,2,1,3,-1,4,5,0,-1,0,5,1,-1,6,7,4,-1,4,7,5,-1,2,3,6,-1,6,3,7,-1,6,4,2,-1,2,4,0,-1,8,9,10,-1,10,9,11,-1,12,13,8,-1,8,13,9,-1,14,15,12,-1,12,15,13,-1,10,11,14,-1,14,11,15,-1,14,12,10,-1,10,12,8,-1,16,17,18,-1,18,17,19,-1,17,20,19,-1,19,20,21,-1,20,22,21,-1,21,22,23,-1,22,16,23,-1,23,16,18,-1,22,20,16,-1,16,20,17,-1,24,25,26,-1,26,25,27,-1,26,27,28,-1,28,27,29,-1,28,29,30,-1,30,29,31,-1,30,31,24,-1,24,31,25,-1,31,29,25,-1,25,29,27,-1,
        ]
    }
}
Shape{
    appearance Appearance {
        material  Material 	{
            diffuseColor 1.0 1.0 1.0
            specularColor 0.8784313725490196 0.8784313725490196 0.8784313725490196
            ambientIntensity 1.0
            transparency 0.0
            shininess 0.5
        }
    }
    geometry IndexedFaceSet {
        ccw TRUE
        solid FALSE
        coord DEF co Coordinate {
            point [
                -0.5797 0.1119 0.2047, -0.6566 -0.0849 0.2047, -0.5797 0.1119 0.1969, -0.6566 -0.0849 0.1969, -0.6278 -0.0849 0.2047, -0.6278 -0.0849 0.1969, -0.6078 -0.0297 0.2047, -0.6078 -0.0297 0.1969, -0.5265 -0.0297 0.2047, -0.5265 -0.0297 0.1969, -0.5077 -0.0849 0.2047, -0.5077 -0.0849 0.1969, -0.4789 -0.0849 0.2047, -0.4789 -0.0849 0.1969, -0.5533 0.1119 0.2047, -0.5533 0.1119 0.1969, -0.5332 -0.0081 0.2047, -0.599 -0.0081 0.2047, -0.5625 0.0741 0.2047, -0.5644 0.081 0.2047, -0.5657 0.0879 0.2047, -0.5663 0.0879 0.2047, -0.5676 0.081 0.2047, -0.5694 0.0741 0.2047, -0.5332 -0.0081 0.1969, -0.599 -0.0081 0.1969, -0.5625 0.0741 0.1969, -0.5644 0.081 0.1969, -0.5657 0.0879 0.1969, -0.5663 0.0879 0.1969, -0.5676 0.081 0.1969, -0.5694 0.0741 0.1969, -0.3596 -0.0849 0.2047, -0.3061 -0.0849 0.2047, -0.3596 -0.0849 0.1969, -0.3061 -0.0849 0.1969, -0.3061 0.1119 0.2047, -0.3061 0.1119 0.1969, -0.3616 0.1119 0.2047, -0.3616 0.1119 0.1969, -0.4645 0.016 0.2047, -0.4645 0.016 0.1969, -0.4631 0.0345 0.1969, -0.4631 0.0345 0.2047, -0.4578 0.0539 0.1969, -0.4578 0.0539 0.2047, -0.4487 0.0708 0.1969, -0.4487 0.0708 0.2047, -0.4347 0.0863 0.1969, -0.4347 0.0863 0.2047, -0.4345 0.0865 0.1969, -0.4345 0.0865 0.2047, -0.4131 0.1008 0.1969, -0.4131 0.1008 0.2047, -0.3901 0.1089 0.1969, -0.3901 0.1089 0.2047, -0.384 -0.0828 0.1969, -0.384 -0.0828 0.2047, -0.4066 -0.076 0.1969, -0.4066 -0.076 0.2047, -0.4272 -0.0641 0.1969, -0.4272 -0.0641 0.2047, -0.4434 -0.0486 0.1969, -0.4434 -0.0486 0.2047, -0.4547 -0.031 0.1969, -0.4547 -0.031 0.2047, -0.4618 -0.0103 0.1969, -0.4618 -0.0103 0.2047, -0.425 0.0627 0.2047, -0.4154 0.0729 0.2047, -0.4011 0.0822 0.2047, -0.3848 0.0879 0.2047, -0.3615 0.0903 0.2047, -0.3325 0.0903 0.2047, -0.3325 -0.0633 0.2047, -0.3604 -0.0633 0.2047, -0.3812 -0.0614 0.2047, -0.3978 -0.0562 0.2047, -0.4112 -0.0482 0.2047, -0.4222 -0.0373 0.2047, -0.4305 -0.0237 0.2047, -0.4363 -0.0052 0.2047, -0.4381 0.0154 0.2047, -0.4364 0.035 0.2047, -0.4318 0.0506 0.2047, -0.3615 0.0903 0.1969, -0.3325 0.0903 0.1969, -0.3848 0.0879 0.1969, -0.4011 0.0822 0.1969, -0.4154 0.0729 0.1969, -0.425 0.0627 0.1969, -0.4318 0.0506 0.1969, -0.4364 0.035 0.1969, -0.4381 0.0154 0.1969, -0.4363 -0.0052 0.1969, -0.4305 -0.0237 0.1969, -0.4222 -0.0373 0.1969, -0.4112 -0.0482 0.1969, -0.3978 -0.0562 0.1969, -0.3812 -0.0614 0.1969, -0.3604 -0.0633 0.1969, -0.3325 -0.0633 0.1969, -0.2677 -0.0633 0.2047, -0.2677 -0.0849 0.2047, -0.2677 -0.0633 0.1969, -0.2677 -0.0849 0.1969, -0.162 -0.0849 0.2047, -0.162 -0.0849 0.1969, -0.162 0.1119 0.2047, -0.162 0.1119 0.1969, -0.2629 0.1119 0.2047, -0.2629 0.1119 0.1969, -0.2629 0.0903 0.2047, -0.2629 0.0903 0.1969, -0.1884 0.0903 0.2047, -0.1884 0.0903 0.1969, -0.1884 0.0255 0.2047, -0.1884 0.0255 0.1969, -0.2581 0.0255 0.2047, -0.2581 0.0255 0.1969, -0.2581 0.0039 0.2047, -0.2581 0.0039 0.1969, -0.1884 0.0039 0.2047, -0.1884 0.0039 0.1969, -0.1884 -0.0633 0.2047, -0.1884 -0.0633 0.1969, -0.1236 -0.0531 0.2047, -0.1236 -0.0747 0.2047, -0.1236 -0.0531 0.1969, -0.1236 -0.0747 0.1969, -0.1026 -0.0833 0.2047, -0.0695 -0.0873 0.2047, -0.0695 -0.0873 0.1969, -0.0749 -0.0872 0.1969, -0.0749 -0.0872 0.2047, -0.0828 -0.0861 0.1969, -0.1026 -0.0833 0.1969, 0.0228 0.0098 0.2047, 0.0228 0.0098 0.1969, 0.0209 -0.013 0.1969, 0.0209 -0.013 0.2047, 0.015 -0.0338 0.1969, 0.015 -0.0338 0.2047, 0.0045 -0.0525 0.1969, 0.0045 -0.0525 0.2047, -0.0103 -0.0681 0.1969, -0.0103 -0.0681 0.2047, -0.0261 -0.0782 0.1969, -0.0261 -0.0782 0.2047, -0.0452 -0.0848 0.1969, -0.0452 -0.0848 0.2047, -0.0579 -0.0861 0.1969, -0.0773 0.1143 0.2047, -0.0773 0.1143 0.1969, -0.0575 0.1127 0.2047, -0.0626 0.1131 0.1969, -0.0575 0.1127 0.1969, -0.0356 0.1064 0.1969, -0.0356 0.1064 0.2047, -0.0169 0.0956 0.1969, -0.0169 0.0956 0.2047, 0.0009 0.0785 0.1969, 0.0009 0.0785 0.2047, 0.0124 0.0601 0.1969, 0.0124 0.0601 0.2047, 0.02 0.0378 0.1969, 0.02 0.0378 0.2047, -0.0947 0.1131 0.1969, -0.1009 0.1127 0.2047, -0.1009 0.1127 0.1969, -0.1236 0.1065 0.2047, -0.1236 0.1065 0.1969, -0.1236 0.0801 0.2047, -0.1236 0.0801 0.1969, -0.0775 0.0927 0.2047, -0.0775 0.0927 0.1969, -0.1015 0.0896 0.1969, -0.1015 0.0896 0.2047, -0.0036 0.0114 0.2047, -0.0036 0.0114 0.1969, -0.0045 0.0267 0.1969, -0.0045 0.0267 0.2047, -0.0098 0.0478 0.1969, -0.0098 0.0478 0.2047, -0.0179 0.063 0.1969, -0.0179 0.063 0.2047, -0.0298 0.0761 0.1969, -0.0298 0.0761 0.2047, -0.0434 0.0852 0.1969, -0.0434 0.0852 0.2047, -0.0581 0.0906 0.1969, -0.0581 0.0906 0.2047, -0.0731 -0.0657 0.2047, -0.0731 -0.0657 0.1969, -0.0547 -0.0636 0.1969, -0.0547 -0.0636 0.2047, -0.0404 -0.0584 0.1969, -0.0404 -0.0584 0.2047, -0.0283 -0.0502 0.1969, -0.0283 -0.0502 0.2047, -0.0191 -0.0405 0.1969, -0.0191 -0.0405 0.2047, -0.0109 -0.0268 0.1969, -0.0109 -0.0268 0.2047, -0.0056 -0.0099 0.1969, -0.0056 -0.0099 0.2047, -0.1201 -0.055 0.1969, -0.1201 -0.055 0.2047, -0.0992 -0.0628 0.1969, -0.0992 -0.0628 0.2047, 0.0396 -0.0633 0.2047, 0.0396 -0.0849 0.2047, 0.0396 -0.0633 0.1969, 0.0396 -0.0849 0.1969, 0.1404 -0.0849 0.2047, 0.1404 -0.0849 0.1969, 0.1404 0.1119 0.2047, 0.1404 0.1119 0.1969, 0.114 0.1119 0.2047, 0.114 0.1119 0.1969, 0.114 -0.0633 0.2047, 0.114 -0.0633 0.1969
            ]
        }
        coordIndex [
            0,1,2,-1,2,1,3,-1,1,4,3,-1,3,4,5,-1,4,6,5,-1,5,6,7,-1,6,8,7,-1,7,8,9,-1,8,10,9,-1,9,10,11,-1,10,12,11,-1,11,12,13,-1,12,14,13,-1,13,14,15,-1,14,0,15,-1,15,0,2,-1,16,8,17,-1,17,8,6,-1,18,14,16,-1,16,14,12,-1,16,12,8,-1,8,12,10,-1,18,19,14,-1,14,19,20,-1,14,20,0,-1,0,20,21,-1,0,21,22,-1,22,23,0,-1,0,23,17,-1,0,17,1,-1,1,17,6,-1,1,6,4,-1,16,17,24,-1,24,17,25,-1,18,16,26,-1,26,16,24,-1,18,26,27,-1,18,27,19,-1,19,27,28,-1,19,28,20,-1,21,20,29,-1,29,20,28,-1,21,29,30,-1,21,30,22,-1,22,30,31,-1,22,31,23,-1,17,23,25,-1,25,23,31,-1,32,33,34,-1,34,33,35,-1,33,36,35,-1,35,36,37,-1,36,38,37,-1,37,38,39,-1,40,41,42,-1,40,42,43,-1,43,42,44,-1,43,44,45,-1,45,44,46,-1,45,46,47,-1,47,46,48,-1,47,48,49,-1,49,48,50,-1,49,50,51,-1,51,50,52,-1,51,52,53,-1,53,52,54,-1,53,54,55,-1,55,54,39,-1,55,39,38,-1,32,34,56,-1,32,56,57,-1,57,56,58,-1,57,58,59,-1,59,58,60,-1,59,60,61,-1,61,60,62,-1,61,62,63,-1,63,62,64,-1,63,64,65,-1,65,64,66,-1,65,66,67,-1,67,66,41,-1,67,41,40,-1,45,47,68,-1,68,47,49,-1,68,49,69,-1,69,49,51,-1,69,51,70,-1,70,51,53,-1,70,53,71,-1,71,53,55,-1,71,55,72,-1,72,55,38,-1,72,38,73,-1,73,38,36,-1,73,36,74,-1,74,36,33,-1,74,33,75,-1,75,33,32,-1,75,32,76,-1,76,32,57,-1,76,57,77,-1,77,57,59,-1,77,59,78,-1,78,59,61,-1,78,61,79,-1,79,61,63,-1,79,63,80,-1,80,63,65,-1,80,65,81,-1,81,65,67,-1,81,67,82,-1,82,67,40,-1,82,40,83,-1,83,40,43,-1,83,43,84,-1,84,43,45,-1,84,45,68,-1,72,73,85,-1,85,73,86,-1,72,85,87,-1,72,87,71,-1,71,87,88,-1,71,88,70,-1,70,88,89,-1,70,89,69,-1,69,89,90,-1,69,90,68,-1,68,90,91,-1,68,91,84,-1,84,91,92,-1,84,92,83,-1,83,92,93,-1,83,93,82,-1,82,93,94,-1,82,94,81,-1,81,94,95,-1,81,95,80,-1,80,95,96,-1,80,96,79,-1,79,96,97,-1,79,97,78,-1,78,97,98,-1,78,98,77,-1,77,98,99,-1,77,99,76,-1,76,99,100,-1,76,100,75,-1,74,75,101,-1,101,75,100,-1,73,74,86,-1,86,74,101,-1,102,103,104,-1,104,103,105,-1,103,106,105,-1,105,106,107,-1,106,108,107,-1,107,108,109,-1,108,110,109,-1,109,110,111,-1,110,112,111,-1,111,112,113,-1,112,114,113,-1,113,114,115,-1,114,116,115,-1,115,116,117,-1,116,118,117,-1,117,118,119,-1,118,120,119,-1,119,120,121,-1,120,122,121,-1,121,122,123,-1,122,124,123,-1,123,124,125,-1,124,102,125,-1,125,102,104,-1,106,103,102,-1,102,124,106,-1,106,124,122,-1,106,122,108,-1,112,110,114,-1,114,110,108,-1,114,108,116,-1,116,108,122,-1,116,122,118,-1,118,122,120,-1,126,127,128,-1,128,127,129,-1,129,127,130,-1,131,132,133,-1,131,133,134,-1,134,133,135,-1,134,135,130,-1,130,135,136,-1,130,136,129,-1,137,138,139,-1,137,139,140,-1,140,139,141,-1,140,141,142,-1,142,141,143,-1,142,143,144,-1,144,143,145,-1,144,145,146,-1,146,145,147,-1,146,147,148,-1,148,147,149,-1,148,149,150,-1,150,149,131,-1,131,149,151,-1,131,151,132,-1,152,153,154,-1,154,153,155,-1,155,156,154,-1,154,156,157,-1,154,157,158,-1,158,157,159,-1,158,159,160,-1,160,159,161,-1,160,161,162,-1,162,161,163,-1,162,163,164,-1,164,163,165,-1,164,165,166,-1,166,165,138,-1,166,138,137,-1,153,152,167,-1,167,152,168,-1,167,168,169,-1,169,168,170,-1,169,170,171,-1,170,172,171,-1,171,172,173,-1,174,175,176,-1,174,176,177,-1,177,176,173,-1,177,173,172,-1,178,179,180,-1,178,180,181,-1,181,180,182,-1,181,182,183,-1,183,182,184,-1,183,184,185,-1,185,184,186,-1,185,186,187,-1,187,186,188,-1,187,188,189,-1,189,188,190,-1,189,190,191,-1,191,190,175,-1,191,175,174,-1,192,193,194,-1,192,194,195,-1,195,194,196,-1,195,196,197,-1,197,196,198,-1,197,198,199,-1,199,198,200,-1,199,200,201,-1,201,200,202,-1,201,202,203,-1,203,202,204,-1,203,204,205,-1,205,204,179,-1,205,179,178,-1,126,128,206,-1,126,206,207,-1,207,206,208,-1,207,208,209,-1,209,208,193,-1,209,193,192,-1,195,131,192,-1,192,131,134,-1,192,134,209,-1,209,134,130,-1,209,130,207,-1,207,130,127,-1,207,127,126,-1,172,170,177,-1,177,170,168,-1,177,168,174,-1,174,168,152,-1,174,152,191,-1,191,152,154,-1,191,154,189,-1,189,154,158,-1,189,158,187,-1,187,158,160,-1,187,160,185,-1,185,160,162,-1,185,162,183,-1,183,162,164,-1,183,164,181,-1,181,164,166,-1,181,166,178,-1,178,166,137,-1,178,137,205,-1,205,137,140,-1,205,140,203,-1,203,140,142,-1,203,142,201,-1,201,142,144,-1,201,144,199,-1,199,144,146,-1,199,146,197,-1,197,146,148,-1,197,148,195,-1,195,148,150,-1,195,150,131,-1,210,211,212,-1,212,211,213,-1,211,214,213,-1,213,214,215,-1,214,216,215,-1,215,216,217,-1,216,218,217,-1,217,218,219,-1,218,220,219,-1,219,220,221,-1,220,210,221,-1,221,210,212,-1,218,216,220,-1,220,216,214,-1,220,214,210,-1,210,214,211,-1,
        ]
    }
}
Shape{
    appearance Appearance {
        material  Material 	{
            diffuseColor 0.20784313725490197 0.20784313725490197 0.20784313725490197
            specularColor 0.01568627450980392 0.01568627450980392 0.01568627450980392
            ambientIntensity 0.298
            transparency 0.0
            shininess 0.5
        }
    }
    geometry IndexedFaceSet {
        ccw TRUE
        solid FALSE
        coord DEF co Coordinate {
            point [
                -0.5332 -0.0081 0.1969, -0.599 -0.0081 0.1969, -0.5625 0.0741 0.1969, -0.5694 0.0741 0.1969, -0.5644 0.081 0.1969, -0.5676 0.081 0.1969, -0.5657 0.0879 0.1969, -0.5663 0.0879 0.1969, -0.3325 0.0903 0.1969, -0.3325 -0.0633 0.1969, -0.3615 0.0903 0.1969, -0.3604 -0.0633 0.1969, -0.3812 -0.0614 0.1969, -0.4381 0.0154 0.1969, -0.4364 0.035 0.1969, -0.4318 0.0506 0.1969, -0.3848 0.0879 0.1969, -0.3978 -0.0562 0.1969, -0.4112 -0.0482 0.1969, -0.4222 -0.0373 0.1969, -0.4305 -0.0237 0.1969, -0.4363 -0.0052 0.1969, -0.425 0.0627 0.1969, -0.4154 0.0729 0.1969, -0.4011 0.0822 0.1969
            ]
        }
        coordIndex [
            0,1,2,-1,2,1,3,-1,2,3,4,-1,4,3,5,-1,4,5,6,-1,6,5,7,-1,8,9,10,-1,10,9,11,-1,10,11,12,-1,13,14,10,-1,10,14,15,-1,10,15,16,-1,12,17,10,-1,10,17,18,-1,10,18,19,-1,19,20,10,-1,10,20,21,-1,10,21,13,-1,22,23,15,-1,15,23,24,-1,15,24,16,-1,
        ]
    }
}